,Station_ID,unique_ind,dist_along,geometry,dist_from
0,02AA001,1249827,2236.0822,POINT (-346222.90274516493 922147.9805485274),31.3037219
1,02AA002,1215212,49.12348044,POINT (-339562.1437699464 928412.1724508668),13.89688949
2,02AB001,1247613,546.1747731,POINT (-339932.41920439864 982589.6769151118),151.1102903
3,02AB002,1247099,11.43634811,POINT (-342597.59158438013 981687.0343029305),198.9380966
4,02AB004,1223238,98.87013127,POINT (-342040.1941461818 999837.4811932271),68.62775606
5,02AB005,1219110,1532.661544,POINT (-354432.2471088981 982254.6624438325),39.60865515
6,02AB006,1219217,235.1546305,POINT (-340586.4553480754 980032.2287355347),40.07156596
7,02AB007,1248635,98.59328605,POINT (-339658.7361252392 961572.9899506095),53.27950077
8,02AB008,1238283,515.1287669,POINT (-320326.494736196 961985.1842196133),1.336245855
9,02AB009,,,POINT (-346834.93213318207 983076.7505257602),
10,02AB010,1240504,49.08899966,POINT (-344154.639785112 967208.4009474814),62.22976968
11,02AB011,1677181,1946.968173,POINT (-374360.98121359287 992302.94306698),4.826761415
12,02AB012,1681364,1148.485959,POINT (-403559.46877417475 993303.6549833535),8.522004255
13,02AB013,1682081,596.2906011,POINT (-400279.3276719917 998540.016144734),31.85060483
14,02AB014,1251877,208.3448443,POINT (-309592.50147605175 976537.4835096354),6.235897533
15,02AB015,1253566,292.6588958,POINT (-313996.1846432144 978671.4003426793),132.3436465
16,02AB016,1217350,176.4147786,POINT (-317005.84428063204 965712.495516438),5.626534836
17,02AB017,1244576,68.4526886,POINT (-358444.001273963 954403.6079283801),2.570007755
18,02AB019,1252190,4343.901343,POINT (-313323.1376523498 968899.6141498245),6.553152415
19,02AB020,1246029,444.6591029,POINT (-320940.9623473422 973143.9242070114),17.7285365
20,02AB021,1239657,585.5289283,POINT (-314144.5417211527 981627.6967819207),26.9894597
21,02AB022,1230033,411.3944118,POINT (-337732.41441968014 968222.3182408381),8.863737493
22,02AB023,1219039,793.2587772,POINT (-328010.2223467159 956040.1281259079),30.24912485
23,02AB024,1234064,1684.32894,POINT (-323690.0205813818 968860.6950973341),18.73489207
24,02AB025,1250735,794.1400849,POINT (-324059.16713841533 958252.0476813685),65.67541193
25,02AC001,1216031,5151.200587,POINT (-260341.75351156137 1007438.5007139707),43.10903359
26,02AC002,1225829,119.1037114,POINT (-248261.11523108557 1016025.3374666752),91.5283047
27,02AD002,2407132,0,POINT (-243675.54000833575 1043238.9590948478),325.1696564
28,02AD006,2407273,705.4894658,POINT (-233702.14215213357 1072498.9751063655),262.191481
29,02AD008,2345386,2093.695441,POINT (-241168.32755883352 1060721.688538649),67.68776801
30,02AD009,2443483,507.2123003,POINT (-226479.77387284045 1208092.0922539344),166.7994526
31,02AD010,2403882,1187.76474,POINT (-214554.62540215952 1091773.8166216256),18.58445618
32,02AD011,2409855,1419.29008,POINT (-199504.1967686049 1109646.3267566697),14.40534906
33,02AD012,2407316,743.2781066,POINT (-245623.45384616678 1040290.1250524712),81.32976238
34,02AE001,2401513,293.942825,POINT (-197710.84469275712 1016125.824818001),19.43811161
35,02BA002,1291797,485.5380403,POINT (-138986.48277389276 997534.8668107683),42.05824606
36,02BA003,1269243,467.8343062,POINT (-118350.61462152227 1004950.5975583186),4.778450141
37,02BA005,79256,160.4571751,POINT (-174477.71038608105 1021048.6544133867),30.23771678
38,02BA006,1266684,357.1833946,POINT (-137022.39816994948 1001490.658689051),2.176798052
39,02BB002,1287392,2057.314874,POINT (-89617.87938534365 986447.9904612298),18.45036891
40,02BB003,1268783,671.1375271,POINT (-95646.19504741201 996074.0944563998),29.95171744
41,02BB004,1272247,1168.765741,POINT (-67083.74191254975 987930.8610450919),38.52020284
42,02BC002,1525704,869.4425587,POINT (-51766.20029994877 983417.3300240875),244.8971638
43,02BC003,1521673,903.954311,POINT (-46800.49178982946 987088.1498877764),27.67975375
44,02BC004,1523740,307.4276996,POINT (-54852.563484087215 982125.6190902251),33.21955276
45,02BC005,714089,200.5720102,POINT (-60236.07299473125 915816.680269481),35.96520573
46,02BC006,375027,426.5726081,POINT (-54681.11249955337 926876.9445178969),50.7410762
47,02BC008,1523268,566.6121772,POINT (-66030.50810542202 974785.5480547553),14.98312164
48,02BD001,2113195,683.1888165,POINT (19450.082320310823 916254.5409907274),113.2105767
49,02BD002,2116263,226.6191942,POINT (19311.19541293228 898693.9216323802),1.385201348
50,02BD003,2113738,1178.280284,POINT (12740.46318898875 901812.3345350418),47.70674328
51,02BD006,2118388,343.5652737,POINT (17415.85254240563 907477.2920357329),14.60434581
52,02BD007,2114703,862.9776572,POINT (14021.121651767819 911118.5328541392),35.66780286
53,02BE001,2039216,410.7941176,POINT (43247.69853899532 827615.6182649108),99.52002518
54,02BE002,2039756,38.28800929,POINT (29083.87064671741 820659.9140253682),3.94770851
55,02BF001,2046664,95.64230017,POINT (37196.34707255572 797110.0827426189),28.26960906
56,02BF002,2001135,1458.222588,POINT (79193.40603334641 781583.8842675847),34.13396361
57,02BF003,2655016,1249.071814,POINT (46746.06111816205 744151.8438224432),8.002396236
58,02BF004,2001839,898.6503436,POINT (41509.291190796925 742363.5688683728),2.120852141
59,02BF005,2052599,678.7162894,POINT (43652.93560135396 803783.7101391399),0.00333039
60,02BF006,2052504,946.4272955,POINT (45040.29942569183 802449.0969754138),14.44117466
61,02BF007,2045947,737.5105497,POINT (45240.41400816901 801798.8681101177),2.717632569
62,02BF008,2049089,227.0325387,POINT (45780.20215834958 801975.4111630952),20.87478796
63,02BF009,2050004,465.7593838,POINT (46013.02821895252 803271.702485188),23.99236587
64,02BF012,2050771,54.07694024,POINT (46580.60211674129 803841.1432042937),4.710079479
65,02BF013,2044937,701.7579681,POINT (44740.13970361184 801452.3397770425),21.95911522
66,02BF014,2006097,1073.043857,POINT (55263.85944094802 765141.5670972655),43.44926873
67,02CA001,,,POINT (49549.634432391635 741710.4648076702),
68,02CA002,2022821,1445.238712,POINT (55692.110475402966 747779.2993229165),18.61711813
69,02CA007,2028550,1186.388602,POINT (100114.33259629858 744816.1257709803),35.67528221
70,02CB001,1923462,487.9034049,POINT (137660.06363403628 788533.1481276551),50.28770049
71,02CB002,1918980,1117.379349,POINT (142053.4451881167 783599.5779700736),40.53877336
72,02CB003,1926630,379.163043,POINT (121639.63633170554 794495.3636363683),31.8594341
73,02CC002,1932999,3291.515817,POINT (138575.4089033636 717440.5849747357),22.50132914
74,02CC003,1940345,51.20283073,POINT (141685.8109520803 714711.1001709412),35.80185863
75,02CC004,1928920,768.9411789,POINT (143991.87307490045 713679.7200042112),10.11515647
76,02CC005,1936591,3449.240353,POINT (133608.00930326397 730225.923609439),36.22828121
77,02CC006,1931790,1977.519761,POINT (124989.48180315178 732251.575154345),68.42905938
78,02CC007,1935984,1721.568791,POINT (125578.92197506424 734672.2225707058),101.2592083
79,02CC008,2566810,1251.482385,POINT (154296.76127632015 709128.45604085),82.74623733
80,02CC009,1930973,1214.167461,POINT (133225.48147056988 721425.0112447949),35.445466
81,02CC010,1933882,51.06233692,POINT (157460.91327303706 751961.1670943908),32.12125481
82,02CD001,1895747,922.9612124,POINT (194323.31632186647 711547.0497590429),43.59579237
83,02CD002,1897905,827.0211795,POINT (182644.0987136974 741580.3605534314),17.78421223
84,02CD003,1894149,514.469657,POINT (195581.64329271702 742621.6302509261),23.52519303
85,02CD004,1894416,287.8670687,POINT (199391.48171816763 730169.3179398169),51.10315752
86,02CD005,1897430,176.6031004,POINT (192419.5754692483 744032.9686588137),20.97175365
87,02CD006,1896947,558.7253652,POINT (186229.40407185652 745106.4363166154),15.50915782
88,02CD007,1893426,798.6492386,POINT (183505.56879175184 727199.1264223655),40.96965589
89,02CD008,1980793,287.7530876,POINT (188121.38623326173 731212.9978551171),113.7939713
90,02CD009,1980673,926.8902488,POINT (188945.01234846405 731180.216704476),79.54466979
91,02CD010,1980673,2113.06801,POINT (188382.3552437352 730596.5797455633),18.05722871
92,02CE001,1946003,528.9186829,POINT (251789.4821056778 720496.3500403448),161.9157892
93,02CE002,1943290,1294.120213,POINT (228779.41967985308 713434.749150406),27.04641636
94,02CE003,1942500,331.7955546,POINT (243908.3236882608 719645.8561483518),0.151589114
95,02CE004,2016071,95.35334749,POINT (266998.5227998225 733939.7057175129),52.92377872
96,02CE007,1948790,12.13983643,POINT (264248.3210395623 739316.2226137004),16.25593818
97,02CE103,1947790,2718.336472,POINT (266123.2683535625 737021.4670751964),59.30875534
98,02CF001,2019312,394.7952173,POINT (289193.8818931525 736709.7789224895),92.39420778
99,02CF002,2019853,628.6330285,POINT (284286.52948734513 729549.6897420847),121.23418
100,02CF004,2019299,2483.94289,POINT (271035.82382801897 726797.9817920532),36.16293681
101,02CF005,2012904,1744.023053,POINT (309713.28434705216 747407.2965592919),5.102079136
102,02CF007,2014282,257.5087897,POINT (294402.82449737174 758284.1817383706),16.90055454
103,02CF008,2015717,17.03506734,POINT (307075.03532022424 762051.4979431073),7.43015544
104,02CF009,2012523,614.2223462,POINT (309854.9884437321 749531.3665842626),29.57242725
105,02CF010,2018399,356.3800183,POINT (280154.00836967956 759297.1769968903),39.9474174
106,02CF011,2012285,7400.614626,POINT (308396.23556428717 770605.7182130018),18.28957304
107,02CF012,2011825,449.4719164,POINT (303230.8540066883 741226.5079883597),21.1392794
108,02CF013,2017379,636.896571,POINT (279194.783736006 763346.2680944119),4.500735711
109,02CF014,2020128,1010.150527,POINT (311493.8996438443 785875.9977175532),8.318834776
110,02CF100,2020911,168.2092849,POINT (312743.1555335736 774199.0585613976),14.36653054
111,02CG001,2657558,356.327,POINT (214963.37251779332 677341.2790508989),249.942189
112,02CG003,2655651,3464.009156,POINT (238255.61814508637 650341.6561754292),5.27388922
113,02CG004,2658004,2654.200135,POINT (210556.61410900683 653909.7942910914),15.12546144
114,02DA001,2129906,140.220651,POINT (334476.0116446621 769861.0748778154),2.557362113
115,02DB001,1992645,118.3745615,POINT (332706.6561054251 753756.1003116316),29.42244287
116,02DB002,1996823,1291.953379,POINT (324271.7207821299 730048.383851672),14.90460617
117,02DB003,1994783,1310.46138,POINT (324566.00393230835 747598.1171257226),211.4269197
118,02DB004,1993080,875.7027298,POINT (324516.39137078065 748378.0679872276),41.47376843
119,02DB005,1995919,1061.807311,POINT (323905.34883870574 733294.1732252169),37.94406783
120,02DB006,1998486,112.6881862,POINT (332587.4617865631 753591.4495181786),37.94006963
121,02DB007,1990321,345.8286936,POINT (324382.0980250062 747931.1283199589),8.676947905
122,02DC001,1865993,648.929936,POINT (398595.12675665464 750340.503219407),148.9784942
124,02DC003,1865993,901.5409789,POINT (398874.7678111295 750362.3677935997),23.20878847
125,02DC004,1876306,275.3125582,POINT (366343.3355516618 769017.5594035275),46.2282691
126,02DC005,1869051,1580.334405,POINT (372550.6512311937 764842.1361141147),9.391764326
127,02DC006,1874005,0,POINT (396080.8978641203 755940.2735740504),363.8066068
128,02DC007,1917108,360.5311447,POINT (387109.81059441285 786433.2290920245),3.236260204
129,02DC008,2401464,1149.252369,POINT (386692.40895499336 775258.9961702112),5.515853798
130,02DC009,1862724,229.3161806,POINT (406295.3583157799 780485.3282477572),70.11950061
131,02DC011,2069708,181.5108784,POINT (351025.22431683476 801688.1037895253),34.11678055
132,02DC012,2074894,358.334511,POINT (348666.29872542503 805272.8853148895),43.6940746
133,02DC013,1836750,246.4457858,POINT (414654.855899427 749095.2578400165),11.45839324
134,02DD001,1741234,1998.331377,POINT (438473.6230784084 713459.0496809168),93.91845535
135,02DD002,1740492,80.07098653,POINT (438946.5907893238 698679.7113546715),3.062930721
136,02DD004,2088106,98.73996543,POINT (347082.94060448144 698136.341985661),41.4133688
137,02DD005,1835290,69.1279582,POINT (431944.6333913688 713188.2301039554),4.971605618
138,02DD007,1841097,306.1764836,POINT (389845.1601560742 712989.6381689345),84.83349568
139,02DD008,1845118,77.42004169,POINT (427684.249244365 739310.5431152013),29.60697302
140,02DD009,1740663,1074.539541,POINT (442117.5067864379 685946.249123648),6.446229549
141,02DD010,2085703,497.0761222,POINT (343702.20195794717 703329.4898674373),48.50744375
142,02DD012,1838703,358.9107416,POINT (379091.6531508874 744138.719797677),36.96071098
143,02DD013,1842341,302.6886089,POINT (436911.4253992346 732417.7515814301),20.08014831
144,02DD014,1837804,337.3145505,POINT (432312.4540883737 737485.7096354801),15.29640961
145,02DD015,1811667,30.0055756,POINT (423360.92528165673 695777.0339260999),15.13806093
146,02DD016,2398233,437.7456407,POINT (389698.5922448209 712505.5984057799),21.90397648
147,02DD017,1837283,665.2972729,POINT (388927.1305323092 712449.2924080393),83.73679856
148,02DD018,1841900,594.5721309,POINT (381963.0479418807 714310.0496904807),64.08693748
149,02DD019,1839410,113.2092534,POINT (380879.471932522 714511.6338012846),83.00450751
150,02DD020,1844408,1248.534159,POINT (384878.35793238593 712404.9576679771),15.8151239
151,02DD024,1738898,203.6617836,POINT (444364.3403639663 723455.1643399213),21.74499111
152,02DD026,2088489,1587.260684,POINT (370483.81442107295 709380.7538281037),41.70448875
153,02EA001,1762336,886.1584081,POINT (404596.4624234987 632464.8449106432),29.48485081
154,02EA005,1715931,594.7676947,POINT (443857.2847012659 665858.0131998864),16.96248919
155,02EA006,1714806,112.6863786,POINT (443657.5279906678 659958.1205088232),67.09859095
156,02EA007,1776885,168.8187756,POINT (356243.9113696249 670713.0406665981),40.66562321
157,02EA008,1761974,94.49439825,POINT (404281.53470484243 666890.3897709859),367.2054117
158,02EA009,1778715,86.05925136,POINT (357864.9322644954 660591.3705017782),13.97097791
159,02EA010,1714276,3003.073345,POINT (449068.4407838244 670188.8504061358),2.137903903
160,02EA011,1776885,338.378652,POINT (356098.1200083431 670797.8429527503),27.28081434
161,02EA012,1755918,919.9341996,POINT (373453.58217873925 646736.5279914236),26.78166076
162,02EA013,1777264,281.9261799,POINT (360141.61079866457 661407.7385198519),57.37780035
163,02EA018,1717004,447.2342848,POINT (452144.4519141017 653806.2603338412),3.699601069
164,02EA021,1776633,8.594637685,POINT (392879.47783512436 649242.3292086651),12.25496966
165,02EB002,1725890,352.4495775,POINT (460749.111323801 589554.5220675594),141.8483281
166,02EB003,1735970,830.2581847,POINT (464579.6084892951 590522.7028802993),72.78815605
167,02EB004,1734628,111.7594294,POINT (456518.95914751384 615223.9372534347),21.93554154
168,02EB005,1783539,146.9402797,POINT (426520.2692000824 591395.714000469),101.0816562
169,02EB006,1792311,30.135972,POINT (426188.31063770526 591084.9849427929),2.636718556
170,02EB007,1725532,618.7463596,POINT (456748.582563124 611833.0644683612),70.76606821
171,02EB008,1729549,591.4820257,POINT (470041.1737959004 609060.0117826635),49.21698358
172,02EB009,1788362,813.0477962,POINT (424615.577723867 591745.1582454265),54.5054434
173,02EB010,1787581,954.8637607,POINT (425407.7560934976 590234.8013748482),0.975112002
174,02EB011,1783406,267.7072416,POINT (416872.5230528133 595164.3295649259),31.19777684
175,02EB012,1789298,610.8603789,POINT (418317.9284750179 590456.564870623),37.58672427
176,02EB013,1734500,861.4888849,POINT (463892.97330989415 636262.7120477305),11.56794698
177,02EB014,1732997,243.9040006,POINT (478235.01203339983 628403.5179260124),17.38235206
178,02EB103,1791880,103.0082895,POINT (431746.7650802442 616073.1045532185),8.297457781
179,02EB104,1789158,746.6406959,POINT (452783.6919667184 583062.4858313673),6.114566876
180,02EB105,1784941,214.4044989,POINT (437081.6291007597 609714.2893303639),32.10197506
181,02EC001,1743666,157.220306,POINT (456033.96685199667 565649.8262482323),23.26131992
182,02EC002,710064,119.2341186,POINT (460914.24463187536 558948.3692851297),43.89017171
183,02EC003,1749024,423.3931523,POINT (438658.8397273744 573323.7151678505),113.6515752
184,02EC004,23660,1094.717948,POINT (457518.6751205779 563285.0863893569),18.87812958
185,02EC005,630857,495.0617687,POINT (456512.2256880254 564271.3196157756),4.285152356
186,02EC006,8293,167.789248,POINT (456912.42289470916 561718.7000189626),38.7559126
187,02EC007,1116164,411.0727449,POINT (457089.591584672 562270.0147833059),15.41062438
188,02EC008,278219,128.4823229,POINT (460312.2187877802 507383.84726690454),35.16550025
189,02EC009,1098318,814.793733,POINT (450056.78553596966 487647.7376200088),18.44172761
190,02EC010,1007454,501.7885824,POINT (434835.88582631573 476967.1092606391),12.61065786
191,02EC011,1149306,192.1645357,POINT (481084.0676671547 524742.9680499767),1.495021353
192,02EC012,479757,458.3452464,POINT (458550.69266438653 512280.2835459669),6.566319858
193,02EC013,920282,49.05851782,POINT (456479.9011025632 562564.8528577826),18.36789549
194,02EC014,584524,576.2092868,POINT (459061.6150516597 565789.3651631807),16.94970484
195,02EC016,1831837,2304.948157,POINT (454848.9431624769 564789.9472034784),0.263769503
196,02EC017,1831759,0,POINT (456240.05079669325 564563.6726760622),224.8026319
197,02EC018,1138413,576.1836184,POINT (472360.87770234584 509219.8128189464),17.95467097
198,02EC019,1750863,738.4781744,POINT (476719.12801547407 592026.1041371031),18.11199936
199,02EC020,417787,407.1769023,POINT (447989.1071559326 533214.5310023229),7.145276593
200,02EC021,736111,19.4372821,POINT (480314.4334642211 495189.3413437546),9.679268573
201,02EC022,655683,456.8501843,POINT (477767.8341141924 561800.4126268923),21.09337329
202,02EC101,222266,14.44132065,POINT (479803.5067112092 492229.8081058552),51.95988188
203,02EC103,1138413,609.6350832,POINT (472326.78574356035 509245.45507754),11.44570433
204,02EC918,1744643,72.71603781,POINT (454593.5069140696 565147.4949096583),28.94814621
205,02ED001,547675,629.1112315,POINT (423715.0731522386 497016.3252576893),33.29527554
206,02ED003,1103479,238.0516962,POINT (421629.68871468 502960.1519467239),24.71499547
207,02ED004,242908,1647.248019,POINT (427642.83623611805 488541.5963582306),103.5384147
208,02ED005,107839,0,POINT (406491.0208318811 507999.68549880583),41.8678743
209,02ED006,1085639,436.1957368,POINT (398109.8665881507 515767.14349909243),32.70987486
210,02ED007,311518,958.6245368,POINT (431850.9369043248 555761.4554336118),8.481216192
211,02ED008,1085639,332.2603741,POINT (398209.51862151275 515648.42535367946),73.49572175
212,02ED009,99530,1081.715025,POINT (434417.663266016 523875.7187375664),69.33485002
213,02ED010,638066,1101.581461,POINT (427317.38673781615 525512.3668833639),50.41318593
214,02ED011,1337599,132.2385707,POINT (412735.785519878 552726.7262942527),19.20110913
215,02ED013,1337923,88.42358547,POINT (411434.4437964642 547617.3217868139),12.53542359
216,02ED014,799245,2968.034014,POINT (410801.0094495947 496455.8513259611),28.01577731
217,02ED015,473314,856.6483885,POINT (400776.471872122 507900.10998343),28.96645851
218,02ED016,1337871,1972.857099,POINT (414591.82805925386 541357.9679884295),409.0093617
219,02ED017,594237,861.5398991,POINT (420803.01692141313 557013.9430725942),1.827540226
220,02ED018,816691,511.6561915,POINT (425529.92925152124 557871.4179662042),238.4505047
221,02ED019,197992,7.828767068,POINT (406496.45485248364 560158.1581297545),32.77411703
222,02ED024,592402,773.5448564,POINT (436554.82976602414 563014.8525130838),14.37996886
223,02ED025,1204369,558.2175141,POINT (385708.12885530695 528835.4460852079),128.4383398
224,02ED026,306037,354.1686407,POINT (411515.13493025757 476566.17222180264),29.36041028
225,02ED027,459136,230.3365814,POINT (407844.22965303896 528624.4230433389),36.22272106
226,02ED028,889857,4.928925643,POINT (447272.55382074194 552589.9472843511),7.944570024
227,02ED029,798258,315.0263119,POINT (425981.7549180425 489812.8300241568),26.10161933
228,02ED030,1072845,10.42824758,POINT (447848.5548129155 550231.1549350818),11.87791355
229,02ED031,105552,1466.47518,POINT (388899.6934942914 528916.9726098025),23.84376789
230,02ED032,858033,97.99750642,POINT (421686.48703987186 524873.4735060537),9.685028828
231,02ED100,1067898,60.6735516,POINT (424890.03061078873 480383.930777738),14.87563852
232,02ED101,924510,677.1915077,POINT (417259.22284404736 486777.9825275353),43.80402394
233,02ED102,1113708,412.8135695,POINT (416372.88826434605 491478.9352995032),29.65901844
234,02FA001,581032,103.5238922,POINT (302219.25463333086 543419.0305545141),65.56880024
235,02FA002,125904,310.6956835,POINT (293481.7794862885 583650.2300791886),41.41265525
236,02FA004,94447,117.185773,POINT (309471.6522783482 527731.5515682267),23.58786753
237,02FB001,553247,31.94099919,POINT (362627.51969995716 508757.18269752443),2.231394738
238,02FB003,637263,465.0445775,POINT (362584.9058165306 509384.86004683893),13.44081762
239,02FB004,1338640,36.77135523,POINT (374041.86447784933 507492.3459260848),0.281865305
240,02FB005,322305,211.8496438,POINT (355887.994872271 538360.7478618667),11.6827682
241,02FB006,195531,665.1799029,POINT (369196.6511667597 521828.81511095946),11.85531064
242,02FB007,115762,68.79680666,POINT (329578.354307445 527431.8957236157),38.72027661
243,02FB008,857511,82.9261226,POINT (364730.7554484821 504481.56021951546),323.238877
244,02FB009,141763,707.039556,POINT (366987.3580438885 529608.7433352019),26.23746241
245,02FB010,489215,425.1468862,POINT (351999.40229605656 534306.7292838752),19.2442866
246,02FB012,583609,767.5207867,POINT (365965.476215139 523221.7668545708),1.560803723
247,02FB013,726118,79.33776433,POINT (362483.9284831334 509571.2907463729),14.63466794
248,02FB014,1338260,5.72752657,POINT (342372.12380290974 522510.3539484469),3.113170912
249,02FC001,691209,682.2045296,POINT (297940.56984016986 518103.8981772048),35.11580725
250,02FC002,459975,240.2952225,POINT (317289.9782806862 481060.2131493625),35.23458934
251,02FC004,1179131,520.7867265,POINT (344787.40039769176 498865.89735300024),29.56244688
252,02FC005,1095657,676.2115271,POINT (352757.2840007782 506644.5376571014),36.69549987
253,02FC009,347520,45.23839043,POINT (353224.36081197544 505065.427072462),92.20863616
254,02FC011,377429,397.8666971,POINT (325177.00355988764 480727.85105682624),16.33212798
254,02FC011,297451,0,POINT (325177.00355988764 480727.85105682624),16.33212798
255,02FC012,319248,126.6498399,POINT (328109.0158129851 479235.11342666304),47.95443296
256,02FC013,21436,252.2556379,POINT (305344.70685365685 502779.6849996788),30.03069421
257,02FC014,1166637,1070.056538,POINT (337836.7027039768 490406.4439534551),46.11250664
258,02FC015,883748,167.4818894,POINT (303787.23042916687 497073.6633042545),24.6644763
259,02FC016,956634,91.54987045,POINT (343562.780279688 490060.31034735194),41.52582901
260,02FC017,924457,25.30260153,POINT (347966.9300589416 479550.435979769),12.47802482
261,02FC018,957442,157.0996151,POINT (322042.8350870749 503791.4167175596),32.35127973
262,02FC019,1177356,233.0889901,POINT (343957.7430992262 515250.80617050844),20.48301059
263,02FC020,651810,48.56505303,POINT (304311.529194286 466686.20687822974),17.15750956
264,02FC021,135587,66.09840515,POINT (332196.83103981055 486575.490923987),3.350165673
265,02FD001,1132235,463.2522471,POINT (267621.0407541241 475424.748825511),23.84684036
266,02FD002,608743,6.253861567,POINT (285738.1519669211 461652.2124857468),1.413932988
267,02FD003,19693,336.1433836,POINT (274902.70741208043 484668.2991039448),1.984330189
268,02FE001,1064453,2258.520626,POINT (277928.78051423404 433128.05092186824),41.16238208
269,02FE002,962283,195.906175,POINT (301545.857143842 453583.6987969817),31.75307806
270,02FE003,1339586,1226.698083,POINT (331658.5470978888 437196.14080246456),4.54089711
271,02FE004,1168877,538.3927006,POINT (288460.5704579973 445845.5863032601),50.1289552
272,02FE005,735054,87.55422948,POINT (306451.3078364508 457082.3033652203),41.25366546
273,02FE007,18839,19.73540311,POINT (307981.63091789756 450266.2467287171),25.22624854
274,02FE008,508370,2.773940671,POINT (303619.1592134936 445298.11807380774),39.02276313
275,02FE009,1339506,310.4593231,POINT (285144.3014142276 429668.10043891025),34.4640898
276,02FE010,1068339,31.88481647,POINT (323598.6347199833 430914.47617808543),21.90178529
277,02FE011,33456,1076.937765,POINT (336992.3752485248 457622.12665038585),22.63231083
278,02FE013,721819,682.9966972,POINT (319217.3845370047 435442.0788639241),34.41297174
279,02FE014,994998,321.3338067,POINT (291103.0936306704 438630.030681911),1.906975832
280,02FE015,488048,9.154064456,POINT (277948.01799983263 433072.17658871104),91.0832357
281,02FE016,328659,818.6521388,POINT (297315.610408714 418355.61489430914),19.26620131
282,02FE017,958921,22.55906366,POINT (323080.70728736103 455532.28318403824),26.71956674
283,02FE018,1017601,94.57379953,POINT (325195.2630210797 455865.0372644356),16.76529674
284,02FF001,456291,243.9816961,POINT (267503.2633205732 359659.43906020984),28.61238639
285,02FF002,432813,11.50687758,POINT (278912.743176267 359558.2779714705),66.51701511
286,02FF003,1127878,26.5325516,POINT (276384.62794699095 370586.2784418729),62.42771673
287,02FF004,575886,232.490997,POINT (272397.0814176349 369363.84112442064),33.84056342
288,02FF005,1146128,1514.644673,POINT (270938.58860614756 375667.9611411611),18.10340711
289,02FF006,794171,1304.372519,POINT (270258.58348304976 381934.86780098156),117.9214276
290,02FF007,868638,13.74274482,POINT (281944.7458650223 414347.9751545573),59.34827401
291,02FF008,606255,265.0215343,POINT (280731.6139201 370169.90383739094),14.07426567
292,02FF009,250266,7.117825482,POINT (289701.5049268782 393192.7936337559),20.20348672
293,02FF011,1762,1029.043172,POINT (297935.1906734722 414530.191124294),17.02697779
294,02FF012,2561271,64.30435514,POINT (224327.22759725648 347037.97726740106),32.24504349
295,02FF013,848409,295.3411628,POINT (295937.2858356538 372844.08145019884),40.24657395
296,02FF014,458439,4.37040719,POINT (290515.41369326354 399715.637244682),11.22663372
297,02FF015,852454,5.863124844,POINT (282162.3724133433 418806.4334520646),13.65828596
298,02FF016,949913,6.862258033,POINT (297947.7207251341 385005.5389065529),4.796771977
299,02GA001,2513316,116.8707103,POINT (385087.1384975457 447916.2852217425),41.45843938
300,02GA002,2529370,32.8960827,POINT (372431.0852055163 418641.56142225786),22.34000995
301,02GA003,2532052,366.2442165,POINT (388698.0630079077 398339.29178854654),39.31064885
302,02GA004,2529602,2108.552991,POINT (386705.6205653975 389474.46309684345),34.6381098
303,02GA005,2526050,951.4166441,POINT (375286.56384759914 436214.99959672696),14.71476886
304,02GA006,2515930,217.4275369,POINT (367570.5726215503 418310.46129413304),7.406117591
305,02GA007,2527502,336.2546128,POINT (392138.0557534801 428072.63396422256),66.93521586
306,02GA008,2532791,180.1812204,POINT (388422.60393774696 407281.7281551425),69.14778568
307,02GA009,2517577,1698.475949,POINT (389093.1349368065 399185.3021803995),28.49436777
308,02GA010,2530269,2698.863648,POINT (378442.77065393946 378971.30557909235),31.44799056
309,02GA011,2514745,142.3633288,POINT (394041.70669385843 419279.3028717388),446.9848553
310,02GA012,2513600,1446.393923,POINT (392613.6740048877 425953.77707689116),52.95870116
311,02GA013,2525105,123.1345846,POINT (370839.9198489152 416632.4822092458),3.627704438
312,02GA014,2524677,345.1235612,POINT (388153.8629365679 456271.4243824771),13.37294893
312,02GA014,2528061,0,POINT (388153.8629365679 456271.4243824771),13.37294893
313,02GA015,2530138,242.0271481,POINT (392479.63988238387 419210.5543246488),30.03228013
314,02GA016,2520484,367.9898937,POINT (383571.83197365765 441049.84677068214),46.26411639
315,02GA017,2525326,117.1880204,POINT (356236.10891312815 442141.0542637176),30.3489839
316,02GA018,2526535,948.2025209,POINT (355786.14047593914 398842.0448901794),40.16258701
317,02GA020,2517819,1234.599949,POINT (391081.4619712862 421979.7258912108),106.5447844
318,02GA022,2526187,544.1551264,POINT (386936.08690082707 460163.0912871422),5.772402852
319,02GA023,2520077,1948.164812,POINT (370912.39358430967 422961.1016145832),13.94057048
320,02GA024,2531395,1137.65058,POINT (371330.5572208657 410678.3663933726),3.363438778
321,02GA027,2524665,190.3413045,POINT (386186.5954595711 452423.7683084171),72.48503654
322,02GA028,2519305,64.1646886,POINT (354441.0596099099 430394.5665355609),14.61377488
323,02GA029,2531305,4815.17763,POINT (398154.74415400886 421226.96996447834),20.7613014
324,02GA030,2523671,0.806546191,POINT (369053.0023715554 399162.00170393276),5.235576117
325,02GA031,2522609,2928.262236,POINT (403939.2928454748 424888.2958301661),3.080468828
326,02GA032,2523017,1013.489209,POINT (388142.82902342384 418633.57342440286),168.4536385
327,02GA033,2522990,29.1698341,POINT (391170.17958528706 433827.6285981894),92.69670937
328,02GA034,2519739,252.2441332,POINT (373158.89010394615 423697.241152199),60.13293691
329,02GA035,2529260,747.1084478,POINT (365170.61591152195 430683.21742242144),31.21957108
330,02GA036,2529219,1043.534179,POINT (363013.46980258176 432689.8071596976),40.36434439
331,02GA037,2527423,139.7111627,POINT (374737.8342669389 407208.5491770538),21.69592851
332,02GA038,2522474,140.5688966,POINT (344730.94721688936 410292.1778727993),7.57030917
333,02GA039,2520529,711.8656244,POINT (358775.0445957398 445336.7229442541),60.93258518
334,02GA040,2523531,489.4268407,POINT (390156.2367839066 431000.0461439055),14.97144828
335,02GA041,2533559,99.69654348,POINT (378513.37156423257 487253.5405549761),19.59770141
336,02GA042,2517469,268.5688403,POINT (351906.7878436972 449378.37554939516),10.25732162
337,02GA043,2524442,43.49368546,POINT (362359.6650542453 397821.04561962496),14.30318122
338,02GA044,2523668,70.71974902,POINT (361919.7138795466 399981.51000542374),15.14230509
339,02GA045,2529569,494.651916,POINT (362388.8710826323 397916.52998697496),1.733911778
340,02GA046,2515448,50.4562312,POINT (362807.45044281596 400049.6702150647),19.65298254
341,02GA047,2517842,14.52053467,POINT (386735.5723901985 406042.4993865507),31.75148695
342,02GA048,2528794,267.284229,POINT (379834.8780827562 404524.6545053961),73.96146405
343,02GA049,2516041,1051.931827,POINT (339033.3194150585 422750.2119091451),15.97722471
344,02GA050,2516957,4.748825586,POINT (364513.88405134267 426660.5227081542),16.48719191
345,02GB001,2525106,921.8766659,POINT (394513.6989107107 373597.4936582884),42.5882226
346,02GB002,2523893,389.2846324,POINT (426696.80976020324 363382.1412561103),14.36541702
347,02GB003,2519077,1890.395559,POINT (387042.0174561961 374878.74772119033),35.00384811
348,02GB004,2513948,62.09679749,POINT (405737.72452343727 371822.18354078545),10.79761947
349,02GB005,2515890,100.9422898,POINT (424786.19671430945 363074.7245287718),41.44266666
350,02GB006,2521910,247.7167664,POINT (370448.9888145871 376622.73745640664),12.2072553
351,02GB007,2531509,850.8009217,POINT (403768.72249999247 375947.42280875647),19.55922199
352,02GB008,2532146,670.2156351,POINT (384877.6769313583 372173.0182535359),22.31284263
353,02GB009,2513384,161.3300045,POINT (376357.8585354882 368488.6271414738),8.300491667
354,02GB010,2521230,498.6376836,POINT (421793.2130533968 364342.48965621885),8.859613326
355,02GB011,2520918,2301.645968,POINT (395562.18009658105 366254.96997314104),12.11318207
356,02GC001,,,POINT (377896.1266923738 311527.3168462065),
357,02GC002,2631969,252.2404128,POINT (318023.7841431728 328081.5612500804),20.02081612
358,02GC004,2647625,609.7848721,POINT (353755.8748772907 319656.65829159314),65.64205401
359,02GC005,2646791,168.8136067,POINT (376514.3725421041 340346.65198206063),161.9043365
360,02GC006,2646079,1342.117861,POINT (376617.42831339175 338631.93427255255),14.50275356
361,02GC007,2643069,54.54030804,POINT (375399.6102268362 321153.47811225685),13.46945029
362,02GC008,2645573,3367.358025,POINT (395194.7709688154 338287.36562192894),38.17383079
363,02GC009,2644230,1981.777293,POINT (374790.32435038185 317515.1148853746),57.44793531
364,02GC010,2648566,610.6001804,POINT (358574.35639166145 339667.9921784866),25.74597232
365,02GC011,2646538,18.47036075,POINT (380901.8357891794 355966.9281206078),6.675496776
366,02GC012,2646686,185.7203049,POINT (391715.2085063048 341501.5838101857),20.61854705
367,02GC013,2645386,416.1816708,POINT (381416.55087152286 314980.02849256305),29.26629229
368,02GC014,2660095,1214.123375,POINT (395233.3634561591 331704.51711794763),3.591989556
369,02GC015,2642755,871.4205454,POINT (352303.69272009254 327727.28305220086),19.95689724
370,02GC016,2645105,328.6517998,POINT (355294.116596569 316132.88599528826),17.96974262
371,02GC017,2646362,577.176492,POINT (372890.8278237456 353020.6706857023),2.419640566
372,02GC018,2506797,560.0118835,POINT (331417.2030064572 325255.79315347935),24.10070493
373,02GC021,2644230,2034.014465,POINT (374810.7040569002 317423.5301879965),1.668565376
374,02GC022,2643597,192.5692446,POINT (413168.34447554685 338071.698661001),30.1946509
375,02GC023,2660246,1727.915569,POINT (393639.852360658 326960.9682919957),121.2161615
376,02GC024,2506649,75.98079759,POINT (339288.07921349886 319798.85858120094),1.296256115
377,02GC025,2643443,1947.402002,POINT (356145.3873775325 316028.3338713241),61.83557477
378,02GC026,2646732,59.11547666,POINT (349814.3392249966 322341.4382773454),32.74785171
379,02GC029,2634395,234.3345821,POINT (324290.4357991512 335016.6480775515),15.56415453
380,02GC030,2507715,945.7428865,POINT (337458.8893549862 328784.77205081616),8.630849362
381,02GC031,2632121,223.1894854,POINT (313471.4936903472 328929.796048828),30.81089989
382,02GC032,2632039,80.79421807,POINT (324246.62304141675 340514.12424751907),61.66186277
383,02GC033,2634506,591.763763,POINT (322213.7083373719 340173.05377626466),63.95632064
384,02GC034,2647168,2106.62769,POINT (404601.65715130983 353771.9480012703),0.446504728
385,02GC035,2648811,29.20977697,POINT (420010.6380930857 340154.6982344677),59.44537806
386,02GC036,2507823,7.305374712,POINT (340607.27508470794 317782.5867375895),0.028785313
387,02GC037,2646754,22.48239971,POINT (389516.3983062329 354314.1074120487),9.042869939
388,02GC038,2645816,7134.765404,POINT (367682.0311684379 325443.13023876434),14.04714044
389,02GD001,36322,1051.120276,POINT (317192.12118019606 350408.1340400631),43.59674262
390,02GD003,864999,84.44168129,POINT (318899.77124069445 358181.2119199441),67.68019088
391,02GD004,247566,191.3300399,POINT (334457.7209225576 361199.39502213954),26.42221582
392,02GD005,293931,396.5050275,POINT (320571.4403175976 382807.3079658263),39.75183189
393,02GD006,1254860,26.86668988,POINT (340500.529305939 356946.54440246377),17.20229854
394,02GD007,1107417,612.7020843,POINT (311981.0753901261 353953.100250791),11.66424309
395,02GD008,965224,826.4355206,POINT (310928.36245343625 354629.8402904522),38.50059521
396,02GD009,145366,335.8398523,POINT (323976.4134930098 385000.66058014875),9.090901117
397,02GD010,350857,6.321856378,POINT (313225.3323793607 378357.9755228258),19.27596363
398,02GD011,925103,56.91715918,POINT (354287.3194778978 369624.4057734652),16.32634286
399,02GD012,,,POINT (354159.978462161 372146.6440718404),
400,02GD013,126982,998.3874765,POINT (321230.94763061363 364126.05762853),3.307932447
401,02GD014,1339698,1.3442257,POINT (314214.3239599479 404630.44848865183),39.86719091
402,02GD015,93091,308.2892464,POINT (317407.9441765213 370481.0109667698),37.92148605
403,02GD016,396446,245.6146448,POINT (343649.2270676949 359731.3860715435),9.049290443
404,02GD018,677946,263.8925191,POINT (322400.3403231966 393060.3936430112),27.98860889
405,02GD019,350858,52.53708198,POINT (334631.2045943857 388193.20785704226),23.32608045
406,02GD020,261439,6056.367434,POINT (324732.2996743541 353232.1919250478),5.100561783
407,02GD021,1571831,28.21099367,POINT (358561.6239622246 380552.7650668143),18.77719828
408,02GD022,216765,233.9007425,POINT (336591.8421678932 369422.1518222237),43.37395892
409,02GD023,1571893,337.8116656,POINT (344775.9051547818 389866.72547601414),128.3678163
410,02GD024,896818,53.6485532,POINT (347337.17899390374 384515.5930653731),33.07383252
411,02GD025,816956,1467.143818,POINT (347316.8806638271 387746.3623267463),17.38479309
412,02GD026,2255580,11.17304038,POINT (336965.4093876856 397567.5623351222),15.14521084
413,02GD027,1164246,474.1953671,POINT (338357.20902554493 352583.29972057947),14.95863773
414,02GD028,494948,589.7619191,POINT (313128.9710831367 355705.4346662644),23.95644577
415,02GE001,162602,58.21578458,POINT (302137.09318621125 348456.46865070955),53.2439372
416,02GE002,768967,42.39308583,POINT (306966.27972017915 348565.26476090617),41.36213896
417,02GE003,640258,1425.697345,POINT (256023.64076242037 298254.0784857617),48.05927463
418,02GE005,1051340,781.1379941,POINT (305512.90646499145 345242.41492512875),24.19492008
419,02GE006,580647,1476.067493,POINT (287799.95598635875 321053.6607715131),93.78138727
420,02GE007,461152,317.5275414,POINT (246056.037572068 279350.0277165691),29.98348965
421,02GE008,1044991,2012.259739,POINT (299734.14937173226 348565.86909339315),13.12858496
422,02GE009,53795,742.8771432,POINT (210826.59627140072 257483.6718530942),4.667258475
423,02GF001,1056640,7.805918821,POINT (239668.67665055706 259184.73326990212),27.24261021
424,02GG002,2561737,105.9086627,POINT (264210.12999174936 331311.9519274073),26.24553878
425,02GG003,2561622,411.7519654,POINT (252005.77971750306 310157.47184069647),28.58567384
426,02GG004,2566324,101.0621721,POINT (223422.08727349874 321932.07499815454),4.168829629
427,02GG005,2563317,607.8370727,POINT (282293.92401481426 346828.2493047136),21.78315981
428,02GG006,2565648,555.7892027,POINT (241411.00060547685 338831.54142117273),26.30655935
429,02GG007,2564983,18.14094507,POINT (243853.4604106181 303310.64343591826),7.906391061
430,02GG009,2563986,1509.098966,POINT (226831.72949541901 327505.0458479442),29.98225272
431,02GG013,2563537,1535.719134,POINT (230357.3219085768 321988.4474904282),21.22097333
432,02GG014,2564468,13626.10289,POINT (215452.93312075964 347009.30962556286),205.7066532
433,02GH001,2654476,2235.202698,POINT (206870.93157159936 239078.9881645927),4.783562577
434,02GH002,2652748,12.69963227,POINT (201547.10636976664 257884.23437026623),11.80313503
435,02GH003,2654787,1364.395483,POINT (168606.51749766793 250782.63253486186),5.690989096
436,02GH004,2653862,3178.496321,POINT (166478.80184872795 262337.1020163258),25.16286389
437,02GH011,2654411,379.3545428,POINT (175753.97855314653 268267.55614896165),9.64744747
438,02GH013,2652254,3099.479661,POINT (188186.19728995612 256675.2009698653),73.1620221
439,02GH014,2653666,592.7059997,POINT (192433.4400187866 255516.04686502262),12.44976336
440,02GH015,2654071,15124.41467,POINT (161858.69481013383 266497.8083143816),267.5527589
441,02GH016,2653862,2443.065697,POINT (167096.21290432184 262764.88247238955),12.17933278
442,02HA003,2636903,717.6609982,POINT (495721.6303835227 384600.05326218094),157.609298
443,02HA006,2641229,132.5804708,POINT (468036.6624777401 379476.08827548794),23.95972543
444,02HA007,2638165,1853.986032,POINT (449557.7170918464 365157.3367078289),11.03130148
445,02HA013,2642223,1057.416216,POINT (509155.38212210516 359893.49289374525),310.6502767
446,02HA014,2661005,259.1853018,POINT (434584.7358823983 388999.0047423831),64.55934045
447,02HA015,841565,19.02720697,POINT (420791.4488317586 379876.622719017),15.65847769
448,02HA016,179603,16.18876893,POINT (423994.3332345217 379615.81271250197),36.6290459
449,02HA019,2642316,400.1150069,POINT (483717.3509840831 359850.8929664547),201.3896496
450,02HA020,2635555,32.4105672,POINT (452994.8886190057 376171.8312363031),21.6279545
451,02HA022,2661625,2668.918739,POINT (436610.371837284 387396.63722063793),8.564566251
452,02HA023,2663196,2.540110581,POINT (431081.5285753151 384095.07573566237),11.91784438
453,02HA024,764314,250.2581344,POINT (444817.91545860196 361286.83117435453),10.7548961
454,02HA026,2640755,7.462365243,POINT (470008.0583237056 358533.19244950014),148.0180608
454,02HA026,2639979,0,POINT (470008.0583237056 358533.19244950014),148.0180608
454,02HA026,2639251,1032.7999,POINT (470008.0583237056 358533.19244950014),148.0180608
455,02HA027,2638781,631.8811737,POINT (480091.1132919012 389937.79617937363),11.45882568
456,02HA028,2635797,725.4867986,POINT (461011.7077762906 364189.2963746161),47.86638246
457,02HA029,2640240,166.3808575,POINT (498320.15737677616 360584.6524042187),5.374002391
458,02HA030,2639908,427.6766137,POINT (489837.7451556848 388491.484706199),7.770038111
459,02HA031,2636950,380.1986846,POINT (477255.8319375328 378135.64236005436),30.0754494
460,02HA032,2640410,227.5996758,POINT (456810.1292495225 371789.1040332359),3.475263333
461,02HB001,1127636,110.1335398,POINT (408807.7406699236 454852.0674671744),55.40522689
462,02HB002,2302509,29.29522285,POINT (441480.4312090127 424008.3257041649),2.234881462
463,02HB004,2677498,122.2804569,POINT (432015.1566724742 418270.6734282612),7.320784807
464,02HB005,2676907,205.5615701,POINT (423387.8818382074 419270.77470519906),11.13657917
465,02HB006,2676603,1645.433869,POINT (426113.4691759664 395896.81478901126),37.89704098
466,02HB007,2661218,2174.244071,POINT (418571.16480681975 390540.0841147521),21.61453299
467,02HB008,202722,3.900173636,POINT (423321.66757520277 434396.3490745858),19.19394003
468,02HB010,2661218,2154.258291,POINT (418538.10714943794 390489.6354300406),34.85400476
469,02HB011,2678978,20.02992309,POINT (425341.20033557067 410637.85633781896),40.0021768
470,02HB012,2677574,1145.70187,POINT (426162.3271821871 395149.2872133446),2.825610084
471,02HB013,493120,61.55856166,POINT (405096.71019260114 460882.4891421883),9.607814054
472,02HB015,2662207,4.824086333,POINT (408400.1050565139 399776.3242932839),4.491441637
473,02HB016,2677884,42.44241534,POINT (417812.4601606397 405686.0701236635),11.96752135
474,02HB018,866614,35.82546565,POINT (417227.380821288 448400.5651716363),18.44832513
475,02HB019,80661,1957.0015,POINT (403653.53711294435 456517.3013954987),46.52164854
476,02HB020,780102,2.443729411,POINT (403548.8980381087 447159.7951426036),4.40900758
477,02HB021,2661300,306.7886688,POINT (418073.74111232004 386591.04369875666),6.406824266
478,02HB022,2677123,210.878861,POINT (415524.9184315456 404398.2833583741),30.81976972
479,02HB023,2660706,45.45375694,POINT (411076.7372770157 391968.85349049384),16.05704433
480,02HB024,249904,622.5965841,POINT (411607.48317770706 431526.9118440003),8.781968031
481,02HB025,741210,398.4761232,POINT (424158.3172423834 434577.94133371086),25.43750405
482,02HB026,1123303,439.8985834,POINT (443157.57767285284 424910.63718435855),4.463469515
483,02HB027,2677079,1190.977454,POINT (438803.1307421175 409945.17379334965),1.623514336
484,02HB028,2679509,563.4314971,POINT (419227.7159228975 398518.7789314226),8.849581488
485,02HB029,63171,151.285165,POINT (436871.0466765336 428141.01828761044),33.80651457
486,02HB030,187286,32.61347048,POINT (443768.2694399487 429847.8720292784),20.94538652
487,02HB031,1061856,83.31107846,POINT (399306.09814130334 448945.2092019791),9.439750464
488,02HB032,2677352,28.23509259,POINT (410184.3586247518 411520.6868294189),11.403135
489,02HB033,2679116,232.6605125,POINT (415008.7482924649 405805.08949674875),9.164559585
490,02HC002,2497139,437.7100909,POINT (448364.8034521613 434143.5232907881),50.52049901
491,02HC003,2573266,1586.919988,POINT (451284.218809475 442628.79928883305),37.88178556
492,02HC004,2503536,915.9096295,POINT (463315.9881273913 452003.6593402263),39.43181756
493,02HC005,2503018,741.722155,POINT (460519.2791565518 448118.6860149766),25.25234869
494,02HC006,2499957,1028.797661,POINT (487344.87444249535 463308.08687597833),28.05649961
495,02HC007,2573237,272.8289156,POINT (444289.2688344918 452621.5591329377),24.55624191
496,02HC008,2499233,745.508535,POINT (448211.95336822176 445978.81711500086),99.16918617
497,02HC009,2497600,373.3602709,POINT (445171.9939510231 452512.9718280119),13.01423243
498,02HC010,2502297,608.4790357,POINT (440312.34945489164 461157.99541320157),179.7868754
499,02HC011,2573249,381.4618234,POINT (444736.2272007442 451929.59777273814),49.99199846
500,02HC012,2505914,229.6206216,POINT (424954.4742444425 466633.0417414029),9.002746096
501,02HC013,2495713,119.4936061,POINT (477511.40166367387 453921.78103669017),34.13001083
502,02HC014,2499123,1511.916316,POINT (479969.06833527115 458369.89036999486),164.3393742
503,02HC015,2499123,1382.517196,POINT (479913.70907291886 458206.17804350535),40.28652803
504,02HC017,2500164,3226.143183,POINT (431710.1459676574 440191.9151154573),25.10046041
505,02HC018,2649891,366.8885463,POINT (495447.79464015074 466638.50451935705),22.33377688
506,02HC019,2501750,646.027009,POINT (487191.1376737784 467684.43257204385),15.02118376
507,02HC022,2499182,223.9086393,POINT (473263.12387443945 462688.8985851342),24.52629989
508,02HC023,2499662,476.9813141,POINT (433362.13290792325 462709.3648259751),21.28143102
509,02HC024,2499178,351.3955989,POINT (464465.5143545489 442253.01380364364),16.0613301
510,02HC025,2573329,248.6464192,POINT (441435.46808511217 454625.6709038494),5.540588644
511,02HC026,2505513,452.1954102,POINT (476821.20961735287 468003.02937343897),19.42735017
512,02HC027,2500934,1784.086447,POINT (452835.9520119932 439942.8236269022),11.91200485
513,02HC028,2499468,565.2694927,POINT (474184.0468539288 468416.19531478244),21.13859539
514,02HC029,2502635,1658.695243,POINT (465122.8654176443 450480.3586228116),37.71374718
515,02HC030,2503275,628.2816787,POINT (449244.3356896495 431373.4980267431),13.52325253
516,02HC031,2504072,184.8740902,POINT (437710.3614475235 448287.32250739273),19.54242746
517,02HC032,2501356,356.6056753,POINT (441799.4739987697 465078.467042429),17.74786451
518,02HC033,2498926,293.9682114,POINT (451829.51047177584 436791.671889759),6.93912059
519,02HC034,2503728,837.6007859,POINT (441963.80039196665 446287.49749092053),80.9408066
520,02HC035,2499679,13.5713691,POINT (472386.70654482645 473659.2952909007),26.71679639
521,02HC036,2501210,83.3657141,POINT (473273.19814559736 469557.8292654056),37.94225083
522,02HC037,2504140,602.9765178,POINT (476288.6437899675 468336.363533022),68.87158745
523,02HC038,2502930,928.0389852,POINT (477110.4445528504 469570.61831115495),0.059630567
524,02HC039,2501053,1182.966282,POINT (475173.73126414185 471625.4151007652),44.33042021
525,02HC040,2495324,514.6224166,POINT (474414.4863599803 473742.2059302746),4.847905245
526,02HC041,2505785,177.7248108,POINT (475915.9511338067 474350.09682822484),14.16439952
527,02HC042,2503054,570.8609107,POINT (480431.6069530495 469369.1125120238),31.36429286
528,02HC043,2505437,1842.0543,POINT (482464.3210581107 470183.74037570873),38.5379274
529,02HC044,2503772,1727.108174,POINT (483088.6741399891 470113.2209876246),72.42536051
530,02HC045,2496584,604.8985372,POINT (480859.27267318085 475074.81369620725),3.16802053
531,02HC046,2504189,173.4059347,POINT (476423.6538730907 474553.3190295612),37.57868967
532,02HC047,2505618,286.8486079,POINT (424366.2872853999 466606.1943474183),5.883165486
533,02HC049,2504384,116.0745645,POINT (487884.94233248045 462913.25371441245),25.45608797
534,02HC050,2504649,142.6271064,POINT (423926.5706202619 466615.86434752436),23.528412
535,02HC051,2497178,666.5799749,POINT (423466.2963802417 466072.63470843557),28.34196294
536,02HC053,2495465,397.9805741,POINT (468618.643791453 469957.3492926203),12.00463527
537,02HC054,2650951,1502.512749,POINT (494607.37321662577 476091.1373189675),10.01032388
538,02HC055,2649230,804.3409111,POINT (492560.5554317464 472812.3532852363),5.043979775
539,02HC056,2500242,2162.802113,POINT (456822.82238600974 457650.9404092063),16.05512446
540,02HC057,2503669,229.1714786,POINT (418703.4814763946 470923.6280857322),0.919572205
541,02HC058,2500339,344.551125,POINT (474298.90821504657 450790.49266561324),1.94386559
542,02HC059,2495364,50.82026944,POINT (419859.52331483644 470838.2585445445),7.592216263
543,02HC103,2502860,1980.08079,POINT (479782.897969118 457877.83556099515),4.647229216
544,02HC104,2499123,1472.752726,POINT (479983.0923361871 458212.3542086601),27.21340537
545,02HC105,2498249,160.6170839,POINT (480454.93254860793 460629.98516286333),6.942647494
546,02HC106,2499761,1011.409499,POINT (485371.7127800944 462812.81789181277),31.02052961
547,02HC114,2496961,113.1894836,POINT (485318.2382791104 463916.36927374516),469.3219107
548,02HD001,1123013,73.21058122,POINT (548751.6294799941 482405.44440934923),4.101540952
549,02HD002,1010881,95.53875295,POINT (548035.302155639 484266.1918265067),2.337603956
550,02HD003,527972,1223.895232,POINT (536624.139512287 486519.25932292803),6.078983646
551,02HD004,162306,620.8536685,POINT (536496.5366603644 486740.15099049296),0.078538874
552,02HD006,2649644,1175.431856,POINT (516076.46191930876 473820.91709803423),14.41739288
553,02HD007,2650160,910.8783585,POINT (518696.3965077803 471877.28944084764),15.38655659
554,02HD008,2648971,391.8936734,POINT (500498.17373028136 473356.1463354579),19.60807694
555,02HD009,670289,2335.727743,POINT (522775.9466306698 475466.48683439416),9.547575304
556,02HD010,912705,3.669440758,POINT (572446.5147565388 487568.94620663516),6.328132139
557,02HD012,1190518,242.2068871,POINT (545807.3401161329 484684.99809034826),33.57963809
558,02HD013,2649302,1526.954323,POINT (506379.21810216276 469179.49116314575),11.5911329
559,02HD014,2651026,344.7470077,POINT (506698.01147398754 469149.0232066914),7.32122217
560,02HD018,975444,12.88554574,POINT (592514.9685036744 497506.04460912145),2.388174577
561,02HD019,346408,145.6198839,POINT (557801.9326684182 482943.521303239),11.91149935
562,02HD020,166890,329.4296256,POINT (560125.9039784955 490484.97223099746),9.994741621
563,02HD021,411151,149.5138293,POINT (520028.9412352322 483810.3761702169),17.2538968
564,02HD022,455320,8.854588919,POINT (555419.0576626443 485385.04955251777),20.34584889
565,02HD023,2650280,17.22524581,POINT (517221.2902081258 480501.41361783544),4.920069975
566,02HD024,461458,10.01913805,POINT (551757.9277478904 485988.3831392138),15.14560732
567,02HE001,1152118,4.150377257,POINT (636215.0965173717 494609.3610029221),3.093763629
568,02HE002,81512,1.581065756,POINT (623635.0019082088 497347.57124962163),11.63221632
569,02HE003,715724,47.50758077,POINT (635506.9945091598 505953.8547867432),24.07859289
570,02HE004,810295,25.32611254,POINT (647391.2508506053 489637.07341252355),19.97666927
571,02HF002,1016960,27.43941386,POINT (497978.44309549005 564372.5599897772),24.54216827
572,02HF003,94263,203.1968225,POINT (509502.9851883347 562973.0970910654),29.32413551
573,02HF004,141003,0,POINT (499774.2119777958 587660.9518559066),110.9502232
574,02HG001,896159,30.45953366,POINT (500767.0688444134 514326.09407029947),20.56693627
575,02HG002,1339306,0.668749743,POINT (489524.57309771917 490168.67469812796),17.79494617
576,02HG003,1339563,15.49876152,POINT (503466.7814493318 496614.55702581),3.386556862
577,02HH001,1194771,162.814536,POINT (553852.3364763486 559673.4872182372),2.321598603
578,02HH002,995320,118.1264471,POINT (536542.4728523348 561682.2939770365),44.3130591
579,02HH003,582186,477.9861435,POINT (514438.09939273045 496786.9037276311),18.92762057
580,02HH004,2258375,83.46705503,POINT (558261.1780080845 548613.9922958267),15.86495536
581,02HJ001,2256381,547.9664109,POINT (542778.4713805469 519933.4829446601),16.21724051
582,02HJ002,2385445,107.256429,POINT (545093.6410922981 533780.9036125897),21.25546644
583,02HJ003,2258693,1340.064344,POINT (565220.3813156036 521728.61540939595),25.66914825
584,02HJ005,2259112,55.81439698,POINT (539370.6788104963 499124.07925335906),8.819451456
585,02HJ006,2261664,71.49018658,POINT (538702.4825144638 520323.22090645356),12.76514188
586,02HJ007,2257298,31.15681083,POINT (534323.1949969326 501699.36727620225),7.885583088
588,02HK002,2418983,17.58545595,POINT (585901.6720827074 532230.4601247563),158.5949313
589,02HK003,2247886,359.208028,POINT (592063.3748594639 545569.5104912856),24.89369618
590,02HK004,2418141,503.8612482,POINT (601440.8071324299 521796.5411635747),62.05947909
591,02HK005,1046840,618.4321196,POINT (567927.7364140243 584318.4631900854),17.80234166
592,02HK006,2252555,777.3365085,POINT (590437.7842581605 551502.9372721809),12.30583883
593,02HK007,2412950,1080.796867,POINT (588122.9238843088 505575.51003245456),12.34678368
594,02HK008,2417749,1368.445532,POINT (610635.7799151437 531338.0896471132),10.28854458
595,02HK009,2421825,83.52523476,POINT (577290.8807992113 511461.1424441366),13.1098301
596,02HK010,2419037,647.6266519,POINT (604114.1571709546 506106.05358614516),77.26104779
597,02HK011,2419246,87.83892236,POINT (602606.6407169773 504267.8079717614),5.528492746
598,02HK012,2418141,2361.931207,POINT (602989.6232289482 522604.924477521),92.98689084
599,02HK014,2414605,2584.309239,POINT (603689.6723583572 511779.3765893961),93.22803832
600,02HK015,2417971,75.13612098,POINT (584724.499120621 512585.32239851664),14.80413051
601,02HK016,2421867,57.90801823,POINT (582487.003541704 524020.5337697394),17.48454022
602,02HK017,2412530,1351.777326,POINT (598505.8260033556 529208.8837977729),19.99305298
604,02HK902,2421193,887.5963079,POINT (585957.5143060691 532397.5450948039),138.8952545
605,02HL001,894300,1882.622542,POINT (616464.3054390813 522354.29612952983),36.74838252
606,02HL003,2263627,377.6858134,POINT (616697.7590851822 554994.4526444217),4.544541161
607,02HL004,2274093,237.7619034,POINT (619906.9328436198 556505.8271281745),28.87817543
608,02HL005,2247549,470.6947975,POINT (597187.8090966627 548213.9240930356),30.53955009
609,02HL006,933356,699.4454057,POINT (623756.1444226975 526804.4056253377),1.875861115
610,02HL007,2245308,786.7312708,POINT (621388.522685782 549710.5637277524),26.56867291
611,02HL008,2245076,184.6747333,POINT (628705.3731497279 551526.0362245882),13.17619522
612,02HL101,2245308,779.6945565,POINT (621387.789255467 549727.4463677612),30.41968563
613,02HL102,2245901,972.2603153,POINT (629545.2672094415 549993.0035370345),14.40454018
614,02HL103,943034,88.40833268,POINT (623651.1749559598 526728.5322900091),2.515756353
615,02HL104,2253714,235.2184408,POINT (623264.1334805271 540695.0491788061),70.34115175
616,02HM001,963595,262.7747363,POINT (655802.95031044 529768.8069604406),38.67069108
617,02HM002,1185073,7.43095911,POINT (666490.2194465898 553304.2143457687),9.116625148
618,02HM003,468538,70.8812046,POINT (634037.5967401427 519127.1933121536),14.04269112
619,02HM004,1079030,328.1006806,POINT (662753.9453433009 526280.2105276205),11.57322809
620,02HM005,149987,391.7109867,POINT (681647.7545590765 530624.7742737072),14.89588745
621,02HM006,406248,39.81101829,POINT (670229.289387014 525726.7869197725),11.36476407
622,02HM007,596170,693.8856296,POINT (662253.8998953821 537100.0112353493),34.07151039
623,02HM009,908794,20.27679555,POINT (684591.3169131662 529227.3711995198),8.293290452
624,02HM010,2357607,3570.712372,POINT (647729.7260210757 552610.387275561),22.28536642
625,02HM011,785710,37.62162935,POINT (680784.0720946675 548436.444532454),6.294687597
626,02JA003,,,POINT (581358.3463043077 899304.6591529922),
627,02JA005,,,POINT (581103.3231150813 899306.1251811851),
628,02JA006,,,POINT (624283.9939260539 917631.1557341433),
629,02JB001,,,POINT (431577.63561503997 881600.1908367703),
630,02JB002,,,POINT (477798.5399914406 923794.8475999908),
631,02JB003,,,POINT (492508.44562989246 984458.0111845727),
632,02JB004,,,POINT (492847.62466146506 978847.0989250342),
633,02JB005,,,POINT (504047.1813975257 908346.3154115443),
634,02JB006,,,POINT (482220.4993256826 924724.9875093388),
635,02JB008,,,POINT (431787.8707855812 881618.4578103151),
636,02JB009,,,POINT (560268.3070306203 922760.5971528257),
637,02JB010,,,POINT (429169.1705791041 881360.2611280865),
638,02JB013,,,POINT (457032.25116729207 970991.3802713621),
639,02JB021,,,POINT (419688.5738212271 881549.706256108),
642,02JC001,2171274,355.245028,POINT (385169.63659490633 900593.9843703769),71.15541713
643,02JC003,2188028,1025.569147,POINT (376787.5832088767 901664.0740706928),31.3059793
644,02JC007,2186657,316.3019647,POINT (375194.53067214973 929442.7973314307),259.8496608
645,02JC008,2170915,156.9067836,POINT (385066.3654326232 911217.9940196535),48.30150762
646,02JC009,2185014,56.18574182,POINT (366240.58350848436 934407.2261846369),99.2298004
647,02JC010,2187128,196.7108767,POINT (406399.23786153534 928430.4658393097),68.97130463
648,02JD002,2160860,1841.999622,POINT (353608.4657514364 889509.556435706),352.3349652
649,02JD004,2160860,528.0954392,POINT (352928.9610042089 890489.3476765158),205.6415736
650,02JD005,2162436,542.6349075,POINT (342800.3163486142 902778.6898562198),31.4204331
651,02JD006,2167555,184.4508274,POINT (342591.5487858828 902764.2286035111),99.86254431
652,02JD008,1887577,1053.437804,POINT (412896.3444118128 838398.0407178225),96.06292925
653,02JD009,2165762,2123.989424,POINT (363706.0380501455 881537.2143166722),93.18333253
654,02JD010,1890063,224.9166879,POINT (424052.54180964123 829885.9769559972),51.84879085
655,02JD011,1887175,1019.308703,POINT (380009.47923261207 862688.1889190526),16.19326209
656,02JD012,2167391,67.23264724,POINT (322053.1120119741 923655.6862676741),35.88273795
657,02JE001,,,POINT (437685.46242351603 821137.6626373889),
658,02JE002,,,POINT (463491.6677021053 793027.837684122),
659,02JE003,1847088,281.0886894,POINT (457080.63045181346 779704.6002093325),271.0542182
660,02JE008,1855047,681.107608,POINT (456255.7462606433 730861.1416056313),19.75239705
661,02JE012,1856822,3877.084574,POINT (487902.7537044517 749949.8292884432),268.2102961
662,02JE014,1857148,395.5798231,POINT (476668.0975404383 740238.4204457131),40.24885831
663,02JE015,,,POINT (435682.6733859667 823195.100031672),
664,02JE016,,,POINT (463227.6191224539 792922.3236930192),
665,02JE018,1868648,1077.131465,POINT (407784.0227617019 860821.0851397398),39.28364517
666,02JE019,1857148,260.2668556,POINT (476636.54425463814 740096.2424725139),33.63996011
667,02JE020,1850856,435.1985246,POINT (474470.39129688806 739769.211584562),6.127575704
668,02JE021,1884650,280.2044419,POINT (414903.6544680633 816892.7960426105),24.05977015
669,02JE022,,,POINT (459048.46994676883 790347.8975739107),
670,02JE023,,,POINT (501733.15943497507 796472.1546946468),
671,02JE027,1629355,1212.899474,POINT (478351.17430532014 716675.3748769675),1.024099483
672,02JE028,1879882,35.2219979,POINT (403395.25804501004 821992.9937652432),4.256966155
673,02JE029,,,POINT (438790.6755053143 820441.1278875201),
674,02JE031,,,POINT (460329.4140939 791316.6466745101),
675,02KA002,510349,26.64176521,POINT (569739.9107114644 736426.4462774014),26.58620659
676,02KA003,1104337,401.7982163,POINT (597061.9387486104 722794.4135317229),12.63857427
677,02KA004,1104337,0,POINT (596404.5095671202 722780.1844857949),269.6904311
677,02KA004,445406,2.829115197,POINT (596404.5095671202 722780.1844857949),269.6904311
678,02KA005,544383,35.43547315,POINT (596678.9562078234 722875.6931166615),13.98542881
679,02KA006,,,POINT (597086.7217062616 722198.6921320251),
680,02KA007,,,POINT (596787.2151524799 722131.8216930699),
681,02KA008,1104337,20.1215366,POINT (596491.8323625005 722412.7595239694),445.9911382
682,02KA009,599645,315.070606,POINT (596087.8549952803 723436.2292178152),12.90699928
683,02KA010,359460,379.9669963,POINT (596671.4508910922 723126.5397447724),33.53366359
684,02KA011,,,POINT (605327.4657049748 745964.3267763485),
685,02KA012,,,POINT (520783.35292234883 742773.6460466828),
686,02KA013,,,POINT (517479.4076769951 747652.093399796),
687,02KA014,,,POINT (520267.6709592748 744417.5115178493),
688,02KA015,1852020,658.8770087,POINT (507984.47081587854 740419.404202922),44.58253257
689,02KB001,889736,881.5121425,POINT (603347.5784137052 706587.677916347),46.6337047
690,02KC001,309405,1103.845679,POINT (626542.0362859841 668652.3165685142),108.025021
691,02KC002,465824,171.6661237,POINT (613896.1286160891 672409.2299741664),37.35948905
692,02KC003,106234,412.5715245,POINT (658128.5698725446 667355.7698634685),27.46179205
693,02KC009,294601,9.791620822,POINT (667595.378606372 670219.9108538225),26.04923157
694,02KC011,434061,114.1153287,POINT (657613.7200982813 681886.1147173295),231.8172036
695,02KC014,1053994,103.9807752,POINT (618532.6423528928 696937.1171131188),52.79635034
696,02KC015,409420,311.7718866,POINT (620739.5630491677 698634.3296261793),19.48191775
697,02KC017,,,POINT (660048.7912486756 687976.0653597061),
698,02KC018,82450,263.8799049,POINT (619123.8822073385 700754.6083745238),18.93449968
699,02KD001,1958368,366.3221674,POINT (555465.368996002 658975.4182976964),120.3307128
700,02KD002,148221,581.6031581,POINT (572061.1614504904 608318.1752124444),40.53171743
701,02KD004,228587,118.4825461,POINT (594842.3122172281 642229.9324104149),48.6781719
702,02KD006,1000603,400.5246835,POINT (536050.6291244432 654981.3220574915),130.6771919
703,02KD007,1958593,244.3480618,POINT (572178.2355034093 649721.0236625095),39.67787784
704,02KE002,429349,42.5510308,POINT (678370.6777268061 661366.7740924172),102.3241914
705,02KE003,1642681,194.3962543,POINT (659010.0534704328 647238.6543328854),48.05353213
706,02KE004,70857,100.6894568,POINT (682390.6678806517 661799.2615219172),18.97672853
707,02KE005,501308,1484.389901,POINT (673368.533829909 660777.7507756904),39.18195789
708,02KF001,2319133,180.7621549,POINT (696120.360275181 623477.3181440883),51.05609457
709,02KF002,1049552,109.1052041,POINT (693544.2790602748 664543.9354046369),305.1648438
710,02KF003,2311564,102.2121201,POINT (665810.2997776677 606683.087404133),16.74203534
711,02KF004,,,POINT (693576.6534805886 675934.3158880637),
712,02KF005,542705,0,POINT (727912.6994685234 661798.6588977028),192.4362834
712,02KF005,937869,127.4559238,POINT (727912.6994685234 661798.6588977028),192.4362834
713,02KF006,2319288,531.5973005,POINT (707162.7581748127 638992.4533821779),41.73849026
714,02KF007,2318861,14.79163803,POINT (662711.9081577064 606290.5720929657),20.01756671
715,02KF009,2275593,490.6072162,POINT (693524.1635896366 671182.9130427557),75.42998714
716,02KF010,2321741,32.37432932,POINT (687111.3437270775 621436.05738904),31.43739951
717,02KF011,1091795,220.9509814,POINT (697574.9837762802 665187.9943072833),18.65472275
718,02KF012,2315966,48.50510706,POINT (695290.3735893831 645271.3108094524),18.71781604
719,02KF013,2308181,8.681979097,POINT (667645.4398093179 628960.3761645339),23.70644992
720,02KF014,2313359,2322.149722,POINT (688345.642298887 610702.5043675285),20.51553407
721,02KF015,1179155,55.65998474,POINT (729497.8436440267 661146.6414456116),5.121256265
722,02KF016,2308830,1753.755062,POINT (632670.428384656 591486.6623142516),5.447189977
723,02KF017,2308770,5.447802398,POINT (643227.4199006357 607041.1696961998),10.23993453
723,02KF017,2309292,0,POINT (643227.4199006357 607041.1696961998),10.23993453
723,02KF017,2308698,1956.426077,POINT (643227.4199006357 607041.1696961998),10.23993453
724,02KF018,2313359,1518.43987,POINT (687763.6301320554 610344.5890861361),25.50987759
725,02KF019,2319822,427.4567437,POINT (677227.6236646817 611723.2865696634),53.57695989
726,02KG001,,,POINT (652691.233910708 711219.0629710379),
727,02KG003,,,POINT (643117.4861853953 741921.4049287995),
728,02KG005,,,POINT (653222.300022028 715172.3518338833),
729,02KH001,,,POINT (639927.5439371732 721503.6592309021),
730,02KH002,,,POINT (633780.9212790631 713961.6944483479),
731,02KH003,,,POINT (636419.0554829617 727277.4070206466),
732,02KH004,,,POINT (616533.788647973 753224.8820713396),
733,02KJ003,,,POINT (548716.6697605366 806378.6564102069),
734,02KJ004,,,POINT (558594.9181630787 753591.8548716927),
735,02KJ007,,,POINT (533612.0627985109 821475.4743691072),
736,02LA001,2364678,60.24459018,POINT (697465.7723833584 603541.7648622008),63.61282624
737,02LA004,531609,1434.990517,POINT (737654.544992293 666624.34843501),22.59476119
738,02LA005,2370129,443.5779583,POINT (716363.6113919095 607643.3664977658),96.62794102
739,02LA006,44065,592.0377307,POINT (746573.5304398248 623704.4420829517),8.666856811
740,02LA007,222845,546.5997864,POINT (732358.4918075716 650811.3760694199),17.90936958
741,02LA008,1210831,0,POINT (735503.054564426 657404.2839656636),56.34143865
742,02LA011,2370288,188.3829831,POINT (734873.660746996 617152.5750160097),48.19412238
743,02LA012,981514,70.6466074,POINT (739160.934984617 651649.624200373),29.34934636
744,02LA013,1328783,132.6631336,POINT (739328.8966505589 667578.9104379913),23.6198439
745,02LA016,2365107,1386.261609,POINT (711461.4604441004 607229.2275358117),4.803607367
746,02LA017,2368271,110.6503494,POINT (681689.2433753816 588127.3286522548),12.69651612
747,02LA019,2275171,9669.916764,POINT (734823.1266989466 670706.2448450314),346.0972365
748,02LA024,2358684,465.6482187,POINT (701129.9245302455 606309.8427042625),24.26050204
749,02LB005,726969,279.7820466,POINT (791899.6226498208 690112.1525927891),77.28642112
750,02LB006,1041453,21.06857645,POINT (767426.4700130792 657365.1134743647),16.21087967
751,02LB007,826157,107.0347724,POINT (758393.3300653002 608036.9733999333),11.90156192
752,02LB008,115250,124.1478954,POINT (779707.2794120522 677862.9301044821),26.44314423
753,02LB009,706638,5.452669496,POINT (779410.489957489 640710.0624983222),19.03867056
754,02LB012,888186,118.8932902,POINT (800573.6707729188 674622.9560680073),1.941267398
755,02LB013,1210647,960.1391794,POINT (786406.9001318639 666439.9682400504),75.86666857
756,02LB016,860822,137.0335506,POINT (777174.8884014036 659830.2083977676),36.06551854
757,02LB017,1186540,4.466637306,POINT (758174.3209331282 625456.6365414142),10.7092932
758,02LB018,423928,589.2330861,POINT (796716.6746098985 674662.6794631465),12.19209572
759,02LB019,1196104,121.0973087,POINT (773149.1598813926 669694.8052568698),70.85906688
760,02LB020,748334,574.6731983,POINT (762546.7708454196 652745.2266358811),11.91854491
761,02LB021,139916,568.0542851,POINT (769424.6633226766 653791.225746566),23.17911706
762,02LB022,125689,693.5821049,POINT (787490.1081656511 652270.6384231836),16.92746806
763,02LB024,132800,2859.822056,POINT (836811.2987470668 703256.1119717318),382.3779711
764,02LB027,340633,13.45618909,POINT (784075.2954740907 676094.0091153446),30.04421205
765,02LB028,1120041,11.12640295,POINT (769930.1312410836 673304.9521028403),60.7965524
766,02LB030,1642391,1433.334729,POINT (787768.00538711 679129.360739302),51.33085949
767,02LB031,422008,67.55866068,POINT (770346.3835996578 627576.8806063203),17.52532149
768,02LB032,78098,88.78135475,POINT (834392.5362311057 693882.001683881),32.09437981
769,02LB033,731596,9.643322734,POINT (762022.5927802158 686036.1252099071),1.844317259
770,02LB036,464171,310.1778296,POINT (763163.7745950376 684265.8075423249),6.516907056
771,02LB101,854214,199.575508,POINT (755457.8208871842 668447.5564158908),19.41188438
772,02LC002,,,POINT (810456.6400743147 722253.4211660707),
773,02LC003,,,POINT (833640.3943912345 714960.9412388204),
774,02LC004,,,POINT (797531.0112695268 778077.9186162011),
775,02LC007,,,POINT (792898.442509866 785671.21894819),
776,02LC012,,,POINT (824801.7254265933 760711.812225466),
777,02LC023,,,POINT (833993.0608089888 712924.0786487814),
778,02LC029,,,POINT (810652.2402667276 718068.0898400781),
779,02LC043,,,POINT (813767.4862115943 791356.07473969),
780,02LC073,,,POINT (810842.6716480971 761185.3014815028),
781,02LD001,,,POINT (784782.3164748839 706602.2872418251),
782,02LD002,,,POINT (779310.1809966364 723603.2514282889),
783,02LD004,,,POINT (785949.7770466938 706812.7544559389),
784,02LD005,,,POINT (778379.5752249027 719377.4238971821),
785,02LD006,,,POINT (782168.0602321964 730403.3001094892),
786,02LE001,,,POINT (734206.7520080021 798230.4894244066),
787,02LE006,,,POINT (744759.9301599172 784811.4513798428),
788,02LE008,,,POINT (748081.7391663522 876774.4206501143),
789,02LE013,,,POINT (750941.5596155263 873612.951133215),
790,02LE014,,,POINT (747903.6831540295 876527.4128126152),
792,02LE016,,,POINT (751457.9551283823 875456.0573261909),
793,02LE017,,,POINT (760960.9071615589 812547.8828958075),
794,02LE018,,,POINT (761253.75059555 811329.112102448),
795,02LE024,,,POINT (744651.9609850481 827242.8710161608),
796,02LE025,,,POINT (752329.8946775694 813271.956519669),
797,02LF001,,,POINT (744364.244046694 704838.3139587223),
798,02LF002,,,POINT (729969.1556027858 747510.9841862172),
799,02LF003,,,POINT (756411.8996065799 687850.420359058),
800,02LG002,,,POINT (648989.2065600511 872865.0119538001),
801,02LG003,,,POINT (648712.0205265417 873676.9015593883),
802,02LG005,,,POINT (706367.2408287359 855665.6014158381),
803,02LG006,,,POINT (694701.2233363914 811837.9981236857),
804,02LG007,,,POINT (694475.2708530423 812531.5133168793),
805,02LH001,,,POINT (701010.7594111636 775417.3423676293),
806,02LH002,,,POINT (693690.6825118233 784721.8386658803),
807,02LH003,,,POINT (700794.0333751681 725454.1758883303),
808,02LH004,,,POINT (697689.7473125404 740282.060269804),
809,02LH006,,,POINT (716033.9743275178 693641.056629135),
810,02LH008,,,POINT (703196.19387303 770514.2608957137),
811,02LH009,,,POINT (712512.6597420159 711838.393501925),
812,02LH011,,,POINT (698541.6584310199 692633.2416376619),
813,02LH012,,,POINT (719695.8163734702 685672.206335178),
814,02LH013,,,POINT (716714.270655365 688421.2061179593),
815,02LH030,,,POINT (730503.6266148419 679024.0418655905),
816,02LH032,,,POINT (697685.3758620583 740331.7529974156),
817,02LH033,,,POINT (692044.5793105388 797692.034848739),
818,02MA001,668083,31.92516139,POINT (716760.1711145942 568352.824009787),27.12359189
819,02MA002,967364,817.3175284,POINT (700466.3072563332 569880.093151769),29.71934984
820,02MB005,772836,211.309659,POINT (777110.7489542707 610585.7918215796),80.68776804
821,02MB006,140851,1.810392405,POINT (742609.7486685131 569511.1362625068),2.211251288
822,02MB010,834365,236.2331464,POINT (750747.0368235728 577604.1115833689),6.756213936
823,02MC001,298548,160.7364565,POINT (824954.8545125506 653951.0040366593),19.77414805
824,02MC002,655628,103.9433533,POINT (815157.3464332767 635286.2106321871),277.2879243
825,02MC009,643580,51.82239554,POINT (807330.084490193 636769.9639318818),27.40236076
826,02MC026,782980,826.1008107,POINT (834228.9835272694 668910.8999552072),6.766088047
827,02MC027,2255662,89.2822473,POINT (808093.6910426926 642740.8485254392),11.91968064
828,02MC028,6691,351.2734378,POINT (821465.390308689 673023.0961439557),20.18926078
829,02MC030,2255357,790.0460688,POINT (816363.4940121549 640394.9428886805),14.07122965
830,02MC036,97563,818.9848812,POINT (824950.5397428334 672437.1332693915),31.7415819
831,03AA002,,,POINT (759142.5396727447 1165980.5341415163),
832,03AA008,,,POINT (752524.2181695914 1169797.1076726841),
833,03AB001,,,POINT (613116.4280589075 1132602.7698212564),
834,03AB002,,,POINT (560705.9296270726 1149189.3778485118),
835,03AB003,,,POINT (648927.0091825875 1142484.0552858927),
836,03AC001,,,POINT (574227.6546386905 981673.6648257512),
837,03AC002,,,POINT (588720.6804174178 981778.3629441023),
838,03AC004,,,POINT (531479.5912539809 1134098.9178120603),
839,03AC005,,,POINT (572391.0164755163 977800.0439766345),
840,03AC006,,,POINT (576892.813503514 986083.5800943733),
841,03AC007,,,POINT (585408.6232011975 985224.9190019291),
842,03AC008,,,POINT (576342.1799176775 985986.9679216944),
843,03AC009,,,POINT (580901.9620345413 1056618.0637267893),
844,03AD001,,,POINT (540456.1158430619 1177826.7681204488),
845,03BB003,,,POINT (599956.1817198358 1317554.283427423),
846,03BC001,,,POINT (560700.3761268337 1312189.1617050988),
847,03BC002,,,POINT (561835.506995354 1327315.5098878597),
848,03BD001,,,POINT (581079.7457523745 1255794.7013895847),
849,03BD002,,,POINT (604884.2873553119 1254233.7563361514),
850,03BE001,,,POINT (526224.2151404642 1293613.8712468473),
851,03BF001,,,POINT (476206.4203332195 1326971.362945423),
852,03CB001,,,POINT (610567.2652993939 1417303.4475424758),
853,03CB002,,,POINT (617410.0435102188 1419926.991037632),
854,03CB003,,,POINT (617994.2520166122 1420381.7625472045),
855,03CB004,,,POINT (705157.44860973 1428438.1394601522),
856,03CC001,,,POINT (469585.13516222057 1405537.9596782418),
857,03CC002,,,POINT (534477.9257089457 1423583.1115383268),
858,03CD001,,,POINT (590736.3424679941 1478586.1053586227),
859,03CD002,,,POINT (602479.3922938706 1474796.0864390857),
860,03CE001,,,POINT (590766.9928101889 1465391.6305984915),
861,03DB001,,,POINT (525381.2266154712 1577431.3890147828),
862,03DB002,,,POINT (522510.1299804394 1579208.903264073),
863,03DB003,,,POINT (523171.65241315746 1579629.8952931373),
864,03DB004,,,POINT (568446.3169000201 1639781.9567321243),
865,03DC001,,,POINT (536358.0325419959 1572987.62122014),
866,03DC002,,,POINT (684001.0411200433 1588050.5863883353),
867,03DD001,,,POINT (683916.239733003 1546089.2335955487),
868,03DD002,,,POINT (695619.025732895 1538457.4857000243),
869,03DD003,,,POINT (672609.29521585 1585431.3232119933),
870,03DD004,,,POINT (683916.9055323837 1545499.0828728057),
871,03DD005,,,POINT (675611.2024680837 1548347.6581783157),
872,03DE001,,,POINT (546254.7084087735 1571181.6268721952),
873,03DE002,,,POINT (578841.5421645447 1551154.8957969144),
874,03DE003,,,POINT (673028.8834872309 1544995.021718756),
876,03DE007,,,POINT (672910.2283673559 1534296.320857037),
877,03DF001,,,POINT (419758.9196132943 1565302.6068917562),
878,03DF002,,,POINT (487234.0344909834 1579512.5050594069),
879,03EC001,,,POINT (500967.8457683536 1715914.480823997),
880,03ED001,,,POINT (502927.81384545175 1741567.3092397386),
881,03ED002,,,POINT (464640.5065085288 1742445.805571836),
882,03ED003,,,POINT (497158.70401759027 1739356.1982794595),
883,03ED004,,,POINT (497592.59650486097 1758378.699128535),
884,03EE001,,,POINT (362859.6933362092 1636802.3634703946),
885,03EE003,,,POINT (397679.6986975619 1639054.1386512),
886,03FB001,,,POINT (648074.4570385147 1865778.857792022),
887,03FB002,,,POINT (531959.3803050464 1889098.0160395969),
888,03FB004,,,POINT (577948.7563021379 1857041.0067139321),
889,03FC001,,,POINT (566791.9225708003 1807842.7287075068),
890,03FC003,,,POINT (637000.0208520299 1815526.3131660076),
891,03FC005,,,POINT (587902.4692659815 1803695.146810266),
892,03FC006,,,POINT (650160.8238012061 1799891.2910029406),
893,03FC007,,,POINT (650249.8966175249 1800431.3944745588),
894,04AA004,,,POINT (-640419.0578819797 1718279.047884296),
895,04AB001,,,POINT (-474652.78789348213 1868788.228767262),
896,04AC005,456495,399.0421918,POINT (-557190.222008244 1725122.525452197),69.47143569
897,04AC007,516173,1417.152803,POINT (-624331.3444123355 1627025.7136214885),108.7370374
898,04AD002,761023,458.6360731,POINT (-438111.99899474654 1801967.9008816571),221.3299493
899,04CA002,9342,168.8954853,POINT (-427819.8623405937 1539427.4889838612),140.3558549
900,04CA003,998151,425.6750714,POINT (-503979.69843843865 1454919.627048952),94.15099556
901,04CA004,541243,686.5988293,POINT (-602260.313914342 1469379.7048408089),135.7587171
902,04CA005,288619,515.2281389,POINT (-541740.379185833 1445087.591624125),173.4134617
903,04CB001,1124103,357.3929483,POINT (-447830.7298814363 1526003.6904901604),70.0293786
904,04CC001,820506,818.5726134,POINT (-208272.57521071055 1731295.1760404536),28.84019657
905,04CD001,787475,547.3564915,POINT (-274840.34797228564 1692759.5769648196),320.5717138
906,04CD002,482954,1834.218883,POINT (-463484.469268927 1599149.7411238442),29.61447752
907,04CE002,713338,687.4829294,POINT (-297140.51027113484 1559111.7593551225),425.1823689
908,04DA001,101369,806.8379861,POINT (-348951.47180323466 1431609.9337198837),83.17461901
909,04DA002,777384,248.9381192,POINT (-179367.2936036506 1463419.8743385968),162.8139911
910,04DB001,741479,3454.756792,POINT (-193233.69723984113 1547113.6604605855),233.4714441
911,04DB002,456356,1713.539963,POINT (-282194.1110521094 1531687.6699530957),169.6213446
912,04DC001,354143,742.3951461,POINT (-142834.08371247578 1632058.4291054066),110.3031409
913,04DC002,1042352,799.7945967,POINT (-42010.578663464454 1606721.6705428422),47.15788724
914,04EA001,818294,365.7629186,POINT (5348.470798983796 1553189.805615453),77.940837
915,04FA001,885166,113.2253733,POINT (-315547.37061930797 1345093.4838647866),17.81274319
916,04FA002,186745,58.95292594,POINT (-336475.6680524 1327178.6915192667),74.03638416
917,04FA003,1026060,771.1442664,POINT (-254832.4450024621 1395020.5853743376),389.1992553
918,04FB001,863131,1234.073332,POINT (-140180.98347046395 1365309.5552893407),110.6711871
919,04FC001,1030744,343.3734977,POINT (-4803.952662454431 1474291.640050812),248.5130662
920,04FC003,155621,226.5946776,POINT (-82948.34936643124 1450254.2871441757),45.1957653
921,04GA001,,,POINT (-362494.1384340095 1271925.6159265428),
922,04GA002,2393032,472.8914507,POINT (-458971.4558146595 1285097.8747143475),108.6757434
923,04GA003,1582253,427.3514987,POINT (-363192.0414307482 1261306.3539365374),33.29468956
924,04GB001,1320809,38.57787829,POINT (-210795.5732203142 1220475.2702930155),169.7980771
925,04GB004,2674525,234.1721589,POINT (-275951.37445529114 1236451.0759435939),181.8914118
926,04GB005,1807913,179.0696923,POINT (-403304.82924489066 1105575.0111435405),20.79473482
927,04GC002,913860,1604.662318,POINT (-306631.2977416209 1293766.264846674),39.28828842
928,04GD001,1076369,319.7769109,POINT (-95870.34009616871 1314941.8675703683),123.2509458
929,04GD002,,,POINT (-198298.52901895947 1264963.8986613185),
930,04GF001,410082,1223.706343,POINT (-4858.052535503506 1301082.177893576),216.5703519
931,04HA001,1004477,1918.778153,POINT (81021.95840799481 1280184.9152917704),92.92219908
932,04HA002,580061,5909.79907,POINT (138803.3161141283 1339574.9913847814),358.3946162
933,04JA001,1558241,4092.984766,POINT (64853.94690903587 1108057.0654128273),378.9025629
934,04JA002,1556508,652.1191171,POINT (64653.28180325004 1103695.66175695),83.85715526
935,04JC001,1610301,165.3286523,POINT (34518.54616421496 1109285.029809749),58.00873872
936,04JC002,1541600,78.17183728,POINT (33376.85052736721 1106569.0066836951),27.60192318
937,04JC003,1543351,4344.365693,POINT (42783.89562924476 1104716.032549354),107.600632
938,04JD002,207675,101.1911946,POINT (-106884.57836543427 1123814.07825032),71.23248625
939,04JD003,377243,22.16529559,POINT (-151589.89916803752 1030281.7417595065),33.09719994
940,04JD005,666565,43.50345827,POINT (-16306.9106693764 1105511.587887137),27.68492549
941,04JF001,1311150,1714.711816,POINT (-108417.26843450202 1206466.4360182348),153.0035705
942,04JG001,710599,2496.987965,POINT (43899.20139819022 1178935.1234149735),172.6163608
943,04KA001,25513,60.95108689,POINT (288245.5042334312 1269707.7818040908),70.0350085
944,04KA002,573822,0,POINT (302177.8982929188 1281008.972134593),161.445361
945,04LA001,2536518,639.2107679,POINT (270643.0725514084 969700.7236644226),166.6595388
946,04LA002,1026211,206.1317858,POINT (264109.434879171 960966.5541191747),144.2015021
947,04LA003,23735,1134.586442,POINT (254749.41267592064 952123.399942125),40.53191335
948,04LA004,297407,551.2456456,POINT (273074.3063862138 954827.8148421772),22.65474345
949,04LA006,1984598,3.501790271,POINT (239221.45534787592 857944.0234370177),16.09073903
950,04LB001,2586434,346.6740806,POINT (244831.9527694676 1056443.7897036846),160.3921453
951,04LB002,25185,22.79470569,POINT (249318.32883138154 985056.5971796623),25.77237483
952,04LC001,323999,75.73497213,POINT (204009.4543021719 925908.4458751861),232.4425114
953,04LC003,2102423,751.3763774,POINT (190798.23926273524 940321.5998237876),4.394145154
954,04LD001,1707297,3152.197649,POINT (215493.78024680633 1059839.0935939217),78.85224036
955,04LE002,2301937,1211.944228,POINT (145796.71503925437 903863.9345425934),19.72683937
956,04LF001,1668656,780.7495625,POINT (186034.1338147985 1070154.5436506968),54.15988874
957,04LG001,1703381,161.3723585,POINT (203562.1599371544 1143257.5871365962),32.06543605
958,04LG002,,,POINT (260443.20534309666 1229487.6054292931),
959,04LG003,1702619,773.8071364,POINT (203054.895202351 1136556.1862161646),100.6232673
959,04LG003,1705378,0,POINT (203054.895202351 1136556.1862161646),100.6232673
960,04LG004,1054182,2091.6901,POINT (249795.63546522384 1221972.9523027872),220.9833192
961,04LJ001,1803420,1436.010822,POINT (125317.83785241852 1090088.240428538),113.3286274
962,04LK001,1545200,699.8934388,POINT (97015.43759945306 1097415.2059057031),31.8279949
963,04LM001,1196736,387.9236256,POINT (205619.53007531565 1201334.2870270244),150.133224
964,04MB003,2596427,4842.070699,POINT (332015.3706500593 952615.827546602),50.30000833
965,04MB004,2588694,323.4330576,POINT (329353.3506661712 953729.6478148868),48.7283466
966,04MC001,2592126,722.539033,POINT (319388.477680211 1004322.3741963325),89.56007569
967,04MC002,2594016,476.8520192,POINT (325759.07018400606 1003379.5905659028),204.2775282
968,04MD001,2537184,971.4161087,POINT (281499.2013093992 1038480.0344654783),150.2937249
969,04MD002,2537129,413.3172124,POINT (293695.19278077746 1006083.1962877127),38.23730698
970,04MD004,2540114,1640.347105,POINT (292401.9762621658 978897.4140307697),39.7443295
971,04ME001,2575840,9.492175051,POINT (261566.5566346445 1091604.9673790697),293.3138319
972,04ME002,2618221,203.162498,POINT (246728.18559739293 1125024.1687879933),13.70377846
973,04ME003,1089731,7357.730465,POINT (253278.895800133 1205631.2985849024),198.9671531
974,04ME004,2613649,542.9601129,POINT (239997.78036785757 1158086.6805000708),49.34498835
975,04ME005,2613674,1119.683466,POINT (250120.27897065197 1135239.348200425),48.08331894
976,04MF001,150951,1912.289362,POINT (295795.4688904665 1260840.6070092497),116.8781347
977,04NA001,1470660,97.46702446,POINT (509421.64935770177 1002453.89433117),14.3208501
978,04NA002,1453303,281.8246788,POINT (508757.9887969517 998921.4546472505),102.2606663
979,04NA003,,,POINT (449680.1897059297 1148232.0726311672),
980,04NA005,1468022,264.4789605,POINT (548099.0933033411 949188.78623492),2.687164125
981,04NB001,1456678,2530.908445,POINT (422922.01877858926 1149069.0571229379),84.40911627
982,05PA001,1413553,28.71034737,POINT (-566292.0675891181 996834.5535740685),52.17770846
983,05PA006,1399077,1042.332742,POINT (-533116.0038548268 980504.2600779498),71.02683172
984,05PA012,,,POINT (-497625.69165084406 943037.520935548),
985,05PB001,1439619,441.1240774,POINT (-530388.1986420876 1021487.2142763734),83.09514334
986,05PB003,1344888,228.9998459,POINT (-610894.8382687971 1056318.137757086),113.766711
987,05PB004,1448708,907.1168419,POINT (-629578.2332164877 1045608.3158885947),160.8880496
988,05PB009,1375034,2983.948353,POINT (-536672.6297634051 1021556.9623709081),107.8514189
989,05PB014,1415670,671.5738446,POINT (-567495.0299853242 1036969.3052286766),132.8667031
990,05PB015,1393270,342.8333771,POINT (-556476.7733046819 1004038.3096077694),89.40724088
991,05PB018,1386850,460.0109908,POINT (-485153.1246767286 1016953.5272412961),59.0995948
992,05PB019,1402804,3.420757048,POINT (-492303.2170771452 1039982.149233114),61.35496318
993,05PB020,1403695,1237.157331,POINT (-491404.7064605144 1038738.7248681036),52.70323248
994,05PB021,1396503,451.6715177,POINT (-488939.52456302854 1036742.7464731488),60.99529544
995,05PB022,1396200,50.07515267,POINT (-489671.0677678477 1033390.0814059124),5.428826351
996,05PC009,1383336,391.8258669,POINT (-636693.078405793 1019804.9987269884),41.83400498
997,05PC010,1430593,400.5934878,POINT (-661970.4725441614 1030717.7195684563),82.99969961
998,05PC011,1386937,684.7194702,POINT (-679254.1562368145 1040482.8286832357),69.33898187
999,05PC016,1392603,725.151613,POINT (-640648.2994503173 1016886.4694941863),65.13320528
1000,05PC018,1486486,652.1111896,POINT (-657645.7136657663 1024150.3364557255),100.6723514
1001,05PC019,1355549,4761.347881,POINT (-620603.0032291082 1016326.3593002812),78.28492273
1002,05PC022,1402839,827.105986,POINT (-638800.584315333 1026571.6243944055),33.77572304
1003,05PC023,1367814,188.9153664,POINT (-674984.1996545654 1044980.3423146696),18.4315814
1004,05PD014,2434527,9.244342533,POINT (-631262.4674155663 1137024.3741821153),58.72600365
1005,05PD015,2437130,13.64625251,POINT (-628975.4896378432 1134285.8290434526),12.37440334
1006,05PD016,2436782,0,POINT (-636919.3044796189 1136381.143551112),111.6327748
1007,05PD017,2435034,106.6427835,POINT (-629306.2530270622 1135297.0135762868),105.3120775
1008,05PD019,2436052,88.30119362,POINT (-630073.1721698564 1135773.4995118994),36.93794987
1009,05PD022,,,POINT (-628829.5298195053 1136293.4047703834),
1010,05PD023,2437659,119.864143,POINT (-628868.2238609253 1135394.5271424723),22.62496353
1011,05PD024,1496515,1130.236585,POINT (-627876.0847187454 1135542.9278433),88.09273729
1012,05PD025,1496515,718.0099932,POINT (-627484.9332613158 1135740.202134876),41.13580269
1013,05PD026,2435659,1952.615826,POINT (-650525.5798998197 1114039.7032325258),204.9899045
1014,05PD028,2436486,165.6196251,POINT (-629795.2937159104 1135579.9776393098),123.1065693
1015,05PD031,,,POINT (-628163.6225052531 1136423.9804597595),
1016,05PD032,,,POINT (-630384.8890157278 1137531.1848734773),
1017,05PD033,2435612,9.117384191,POINT (-629160.7553897648 1133810.5131705252),33.15862444
1018,05PE003,2462329,331.779732,POINT (-686686.7955931989 1155405.1961456777),64.45860151
1019,05PE004,2462329,533.4256611,POINT (-686489.2324355294 1155376.3027606786),45.15051676
1020,05PE005,2462329,0,POINT (-686976.7715050821 1155182.438016678),27.21088326
1021,05PE006,2463745,1067.235042,POINT (-682607.2627944142 1155782.0533684676),25.62166176
1022,05PE008,2462521,4074.239766,POINT (-685981.3363176342 1156082.5583306577),75.16485898
1023,05PE010,2452885,907.9210801,POINT (-703107.0672909752 1197523.8353784247),81.20093083
1024,05PE011,,,POINT (-684141.6364641003 1155942.356973439),
1025,05PE020,2463745,2845.051312,POINT (-683128.6548853697 1157216.6411152517),132.3499653
1026,05PE028,2460255,1320.882859,POINT (-684034.013361473 1156501.5954709358),48.45576649
1027,05PF051,2452632,1017.981222,POINT (-717116.072009756 1210415.1892507125),62.89054064
1028,05QA001,2387882,635.2718538,POINT (-496133.84974634624 1165799.2841970557),86.19166831
1029,05QA002,1822435,0,POINT (-463785.9926846817 1140416.4491615226),57.91558839
1029,05QA002,2387219,26.87875583,POINT (-463785.9926846817 1140416.4491615226),57.91558839
1030,05QA004,2391388,158.4008582,POINT (-466326.4702412362 1173515.4588617159),64.4725245
1031,05QA005,1827791,681.7041212,POINT (-425760.7334598578 1138247.596787954),50.83113515
1032,05QB006,2378280,465.0912672,POINT (-452827.3726578294 1250555.833730269),355.9100663
1033,05QB007,2373939,868.4273694,POINT (-575301.9197281898 1237849.04725916),444.5750986
1034,05QC001,1329333,542.3411325,POINT (-594156.6896537059 1267158.7201081354),4.710479245
1035,05QC003,2148310,216.0005795,POINT (-566355.5245562646 1267195.8833874667),53.00085219
1036,05QC006,2148739,292.4556306,POINT (-604948.2721779905 1305118.9980186173),57.15653816
1037,05QC007,2156108,198.3185185,POINT (-566085.0615430254 1270889.0594479593),33.0529645
1038,05QD001,2560887,944.7641332,POINT (-633515.8659814608 1202965.6658995424),93.50941694
1039,05QD002,2136371,580.5517551,POINT (-601437.9409722678 1166004.4773731956),235.9442535
1040,05QD003,2137964,2513.295065,POINT (-588906.8780780459 1144944.1795824035),108.403784
1041,05QD006,2132755,31.03714543,POINT (-601245.0939826278 1165455.6261159063),62.32590713
1042,05QD008,1609547,0,POINT (-625825.3486889785 1138327.3705443235),136.9247034
1043,05QD010,2136168,739.1776091,POINT (-565828.7028109819 1144915.071351978),211.6108471
1044,05QD011,,,POINT (-622172.8651865819 1134567.9846984951),
1045,05QD012,1510580,427.264358,POINT (-626215.6167649592 1140718.215637779),25.42805887
1046,05QD013,1503930,217.1833336,POINT (-621262.7438019966 1141465.8390992505),341.345404
1047,05QD015,1510283,217.1002196,POINT (-629185.8838898862 1138930.8964824553),136.1510882
1048,05QD016,2131289,856.6377278,POINT (-563849.9051977757 1141122.2822642329),1.51852262
1049,05QD017,1502751,846.3621575,POINT (-627348.4803916924 1139809.1461748846),78.28055791
1050,05QD018,1495536,615.5317099,POINT (-627243.5919857098 1139077.605020094),67.1187469
1051,05QD019,1498268,0,POINT (-627515.8879879719 1138552.2219324452),89.3706764
1052,05QD023,2437137,0,POINT (-630772.9455237294 1138113.5473531035),53.18416714
1053,05QD024,2434637,139.1257757,POINT (-631511.9816844042 1137432.7188572),387.6560874
1054,05QD025,1501632,875.0434362,POINT (-624764.4463526517 1140525.4760371968),15.67860528
1055,05QD026,1608103,174.8197865,POINT (-632219.1615624058 1145732.3274895297),11.49629163
1056,05QD027,2436715,0,POINT (-633316.5606068413 1138017.689734133),87.34489757
1057,05QE005,2494756,306.3878179,POINT (-707659.3537747164 1215082.731359769),86.72088892
1058,05QE006,,,POINT (-578221.2211729323 1238214.1243278338),
1059,05QE007,2559458,1015.752803,POINT (-596152.5376626732 1234930.1000874774),40.94817319
1060,05QE008,2547794,392.5774164,POINT (-583491.1309189247 1224798.1586955346),9.177234772
1061,05QE009,2508793,1042.086043,POINT (-670749.3305118746 1219207.7701653126),29.08922538
1062,05QE012,2479077,1237.648551,POINT (-630911.9712617092 1250020.7218660607),9.693656872
1063,05RC001,434905,1032.635517,POINT (-583295.84315441 1370385.512390359),12.09802713
1064,05UF004,,,POINT (-589838.4293832441 1875870.287114075),
1065,05UF006,,,POINT (-585427.4185670414 1879520.1102785645),
1066,05UF007,,,POINT (-569199.1590892733 1879073.2891476704),
1067,05UG001,,,POINT (-558184.0130391016 1890283.2447739602),
1068,05UH001,,,POINT (-521197.4968222982 1903463.833761382),
