,hydat_id,pwqmn_id,dist_hyRivers,pos_hyRivers,dist_OHN,pos_OHN,error
1028,02GG003,4002701602,321.4138585,Down,42.87302096,Down,6.496879188
271,02LB101,18207013002,427.236499,On-Up,209.205688,Up,1.042183953
987,02GC008,16015900302,83.28417284,On-Down,43.01778016,On-Down,0.936040692
879,02FF013,8002201002,70.71629491,On-Up,39.29567532,On-Up,0.799594849
897,02GB007,16018409302,1424.382777,On-Up,5026.428738,Up,0.716621313
281,02MC028,12008600502,729.7023332,On-Down,435.9724321,Down,0.673735033
46,05PC018,19000100302,157.9159146,On-Down,95.46282932,On-Down,0.654213643
857,02HB006,9000902402,676.1635883,On-Down,1687.528489,Down,0.599317231
500,02ED100,3005702402,984.074078,Up,2332.928446,Up,0.578180771
1029,02GG007,4002700602,1996.34519,On-Down,4684.288312,Down,0.573821025
330,02HK005,17002114502,922.0084497,On-Down,2131.995745,Down,0.567537387
624,02GA014,16018406702,17.34568057,On-Down,40.00288807,Down,0.566389293
625,02GA014,16018406702,17.34568057,On-Down,40.00288807,Down,0.566389293
77,02JE018,18737000402,1396.181095,On-Up,3018.75165,Up,0.537497199
597,02HC032,6008305702,4472.586519,Up,9538.279178,Up,0.531090836
193,02DD001,3013302202,2653.633913,Up,5634.471581,Up,0.529035887
636,02HC054,6010800402,508.0862943,On-Up,1063.667145,On-Up,0.522325855
462,02FD003,8010700502,343.7460486,Down,707.908242,Down,0.51442005
367,02MA001,12001700202,249.8979226,On-Down,513.9588372,Down,0.513778333
201,02KC018,18481002002,1781.075513,Down,3660.821309,Down,0.513476523
42,04MC001,19006403202,961.0710113,Up,637.7801881,On-Up,0.506900072
827,02GA018,16018405702,3451.945764,On-Up,6969.191522,Up,0.504684905
896,02FF003,8002200902,2658.268836,Down,5363.773178,Down,0.504403198
670,02HC103,6009700502,2239.328945,Down,4480.680286,Down,0.50022568
647,02HC051,6008303002,861.4242291,On-Down,1625.467441,Down,0.470045227
476,02ED029,3005703202,2001.469396,Up,3772.057203,Up,0.4693958
671,02HC103,6009701202,4273.877456,Up,8019.720661,Up,0.467079012
85,02CF100,14002800902,2235.414006,Down,4194.258282,Down,0.46702996
175,02CE002,14002803883,1702.142993,Down,3193.402706,Down,0.466981415
110,02BF004,13000300102,1609.695432,On-Down,2987.637835,On-Down,0.461214672
586,02HC036,6009701602,1435.994421,On-Down,2637.573039,Down,0.455562216
544,02HC019,6010402702,2443.903408,On-Down,4462.10365,Down,0.452297929
516,02HD012,6012900602,929.9172034,Up,1670.642542,Up,0.443377515
60,02AB008,1010700202,4483.7103,Up,8052.228145,Up,0.443171478
68,02BD007,1002900802,1007.071461,Down,1808.188384,Down,0.44304948
645,02HC025,6008305902,3876.139991,Down,6942.368549,Down,0.44166894
349,02ED017,3007300302,5155.440356,Up,9215.426098,Up,0.440564082
846,02GA030,16018402502,2754.184312,On-Down,4889.568682,Down,0.436722441
927,02FF002,8002201502,2114.221211,On-Down,3666.519554,Down,0.42337108
531,02HC045,6010400802,200.9362359,On-Down,348.0554504,Down,0.422689012
1027,02GC025,16011000102,2429.720569,On-Down,4174.483147,Down,0.417958946
985,02GC012,16015900402,2173.286299,Down,3720.049122,Down,0.415790967
687,02HC031,6008301702,4936.779811,Up,8418.950266,Up,0.413611002
690,02HB031,6007602702,364.9553083,On-Down,621.9029327,Down,0.413163551
993,02GC029,16008701502,4176.754836,Down,7111.294199,Down,0.412658973
424,02HM004,17003700502,2926.869166,On-Up,4964.137309,Up,0.410397218
629,02HC023,6008304102,2658.89977,Up,4483.431063,Up,0.406949782
540,02HC019,6010400202,2244.139067,On-Up,3757.702966,Up,0.40278966
767,02GA023,16018401602,2287.961871,On-Up,3821.189833,Up,0.401243599
1008,02GC038,16012400602,952.9454572,On-Down,1581.641076,Down,0.397495758
921,02GD003,4001302702,1354.329743,On-Down,976.031581,Down,0.387588034
602,02HC035,6010405902,2041.075124,On-Down,3324.343485,Down,0.386021591
190,02DD024,3013303002,5422.926789,On-Down,8793.292299,Down,0.383288238
499,02ED100,3005701302,5763.044391,On-Down,9313.754011,Down,0.381232918
988,02GC008,16015900202,1781.422344,On-Down,2872.925081,Down,0.379927324
723,02GA035,16018405202,2086.978739,Down,3358.17344,Down,0.378537537
54,04LA001,19006401420,568.5916096,Up,909.2106647,Up,0.37463161
642,02HC025,6008302502,2328.162098,On-Up,3720.876554,Up,0.37429741
1025,02GC024,16009900102,2571.206006,Down,4092.06621,Down,0.371660703
1000,02GC031,16008701302,5265.17349,On-Down,8372.412833,Down,0.3711283
216,02EA006,3012400202,1073.440993,On-Down,1700.666633,Down,0.368811634
637,02HD013,6011200302,965.490874,On-Down,1523.667091,Down,0.366337384
494,02FC012,8012303602,2179.353394,On-Up,3434.247738,Up,0.365405888
603,02HC035,6010406002,717.216997,On-Down,1128.895567,On-Down,0.364673741
1030,02GC013,16012600102,1901.723878,On-Down,2992.79165,Down,0.364565229
952,02GG005,4002701502,3841.654068,On-Up,6016.073588,Up,0.361434994
971,02HA029,5000600202,2709.800886,Down,4227.927018,Down,0.359071035
945,02GB010,16018412902,3546.109227,Down,5525.707485,Down,0.358252452
177,02DD013,3013301502,981.4500347,On-Down,1519.810373,Down,0.354228625
1015,02GC026,16010900202,5185.261421,Down,7991.25732,Down,0.351133218
893,02FF008,8002200402,4927.006364,On-Down,7578.694707,Down,0.34988721
610,02HC106,6010401902,2671.772665,On-Up,4101.464852,Up,0.34858087
627,02HC023,6008300902,36.81926634,On-Up,56.49660885,On-Up,0.348292453
828,02GA018,16018405802,1475.302388,On-Down,2263.186018,Down,0.348130301
1019,02GC004,16010900802,5022.640372,Up,7691.152735,Up,0.346958701
536,02HC045,6010408202,858.6368971,On-Up,1310.505022,Up,0.344804574
459,02HK015,17002115502,2838.599287,On-Up,4325.732896,Up,0.343787664
742,02FE010,8005602002,2369.824771,On-Down,3604.131092,Down,0.342469874
552,02HD009,6011700202,3094.628264,Up,4700.227865,Up,0.341600375
887,02HA030,6000300202,1771.603814,On-Down,2688.794203,Down,0.341115876
990,02GC008,16015900802,1519.264115,On-Up,2296.928556,On-Up,0.3385671
1024,02GC009,16012401002,6240.166752,Down,9420.710599,Down,0.337611883
509,02EC010,3007702902,762.2483669,Down,570.1836193,Down,0.336847186
146,02CF012,14002800302,69.41677081,On-Up,51.96709764,On-Up,0.3357831
98,02CF007,14002800702,2352.845334,On-Down,3521.74881,Down,0.331909951
1003,02GC031,16008700402,5559.349747,Up,8314.642735,Up,0.331378398
97,02CF010,14002801202,588.1100344,Up,879.3043188,Up,0.331164397
67,02AA002,1011600102,521.0581626,On-Down,778.9921617,On-Down,0.331112445
832,02HB032,6006000302,1927.361525,On-Down,2876.821038,Down,0.33003774
659,02HC006,6010402402,2070.212793,Up,3089.317593,Up,0.329880231
497,02EC009,3007700102,3854.231119,On-Down,5734.643237,Down,0.327903941
57,02AB019,1010500102,1252.253139,On-Down,1854.722802,On-Down,0.32483003
680,02HC004,6008500302,4596.744839,Up,6799.398026,Up,0.323948264
154,02CF001,14002805102,1629.483118,Down,2391.079979,Down,0.318515846
698,02FE008,8005603902,3862.480045,Down,5656.638474,Down,0.317177496
866,02GD019,4001306602,5349.499775,Down,7828.769305,Down,0.316687008
739,02GA049,16018402102,5248.978614,On-Down,7642.893579,Down,0.313221026
744,02FE010,8005602402,6099.811433,Up,8831.98194,Up,0.309349648
1023,02GC009,16012400502,5482.866883,On-Up,7924.527546,Up,0.308114351
666,02HC009,6008305802,582.1287615,On-Down,839.2369733,Down,0.306359491
422,02HM004,17003700302,21.92158773,On-Up,16.78861329,Down,0.305741418
606,02HC035,6010410802,1581.694786,On-Up,2273.011577,Up,0.304141342
811,02GA048,16018401202,6512.204449,Down,9349.441809,Down,0.303465963
430,02HK016,17002115602,2050.138389,On-Down,2938.750048,Down,0.30237742
520,02HD024,6013000102,5254.407503,Down,7512.842431,Down,0.300609916
755,02HB008,6007600302,1706.74793,Down,1316.133695,Down,0.296789175
475,02ED029,3005703102,1235.336775,Down,1756.695744,Down,0.296783875
441,02EC008,3007702002,6995.927798,Up,9924.140066,Up,0.295059547
965,02GE008,4001308602,985.0173174,On-Down,1395.800277,Down,0.294299239
634,02HC054,6010800202,4228.684897,On-Down,5984.401535,Down,0.293382158
502,02HD010,6014200102,1823.888954,On-Down,2580.431484,Down,0.293184506
214,02CG003,8015800202,1550.950596,On-Up,2192.92025,On-Up,0.292746466
457,02ED001,3005700702,4564.318794,Up,6407.366614,Up,0.287645133
52,02AB014,1010400202,4877.018593,Down,6819.672645,Down,0.284860308
900,02GB003,16018410602,3594.996968,Up,5020.953845,Up,0.284001192
851,02HB015,9000800402,6113.866053,Up,8534.184806,Up,0.283602805
355,02ED011,3007000302,5747.191304,Down,8014.472228,Down,0.282898344
1011,02GC018,16009700302,5407.868657,Down,7514.511039,Down,0.280343241
382,02ED027,3005702502,3717.232589,Down,5163.951486,Down,0.280157337
34,02BA005,1007800102,671.8690284,On-Up,931.6124489,Up,0.278810594
443,02EC018,3007704002,5845.231975,Down,8091.269656,Down,0.277587792
996,02GG002,4002702202,3035.311883,On-Down,4187.931907,Down,0.275224156
568,02HC057,6008303502,2819.679598,On-Up,3889.373772,Up,0.275029924
819,02HB011,6006000202,3297.030794,Down,4546.308998,Down,0.27478955
168,02DD014,3013302502,3833.829701,Up,5279.9009,Up,0.273882262
356,02ED011,3007000402,5775.461441,Up,7932.21994,Up,0.271898474
428,02HG001,17002111902,2132.845796,Down,2924.10193,Down,0.270598
163,02DD008,3013301202,525.4627598,On-Up,719.2193069,Up,0.269398423
101,02CA002,13001100202,3415.159517,On-Up,4671.241828,Up,0.268896871
989,02GC008,16015900402,2950.222416,On-Up,4030.026164,Up,0.267939637
529,02HD019,6013300502,3769.196753,Up,5146.297339,Up,0.26759056
273,02MC036,12008600202,1903.285518,Up,2597.275591,Up,0.267199243
121,02CD002,14001901402,2564.81411,On-Down,3490.551399,Down,0.265212336
153,02CF001,14002802702,518.016759,On-Down,704.9067368,On-Down,0.26512724
787,02HB002,6007605002,2521.155441,On-Down,3428.829499,Down,0.264718341
976,02GG006,4002701002,1009.939237,On-Down,1372.903939,Down,0.264377348
259,02LB012,18207006002,883.8046434,On-Down,1201.422831,Down,0.264368364
513,02ED026,3005701702,3438.616994,On-Down,4668.156952,Down,0.263388736
640,02FE002,8005600302,2877.942615,On-Down,3905.928572,Down,0.263186061
881,02GD021,4001301802,1491.740951,On-Down,2020.931807,Down,0.26185488
162,02DD008,3013301302,368.9924802,On-Down,499.3573014,Down,0.261065215
935,02GD028,4001309602,125.3006269,On-Up,169.5530836,Down,0.260994703
733,02HC002,6008000602,2633.661105,On-Down,3563.201859,Down,0.260872325
773,02HB029,6007601702,5672.012618,Up,7668.744816,Up,0.260372753
166,02DD014,3013301902,1632.34481,On-Down,2197.65188,Down,0.25723231
332,02LA001,18003300902,5014.967995,Down,6734.137704,Down,0.255291737
650,02HB001,6007601802,3391.099566,On-Up,4542.886634,Up,0.253536388
580,02HC053,6009700902,1364.924378,Down,1825.236275,Down,0.252193047
164,02CF002,14002805802,590.6399221,On-Up,788.8745676,Up,0.251287915
747,02GA040,16018407302,3065.857679,Up,4079.83632,Up,0.248534147
661,02HC056,6008500302,5097.245228,On-Down,6774.993622,Down,0.247638373
360,02ED013,3007000202,4135.669592,Up,5493.953139,Up,0.24723246
703,02HC034,6008310302,5123.994316,Up,6806.238206,Up,0.247162065
195,02DD004,3013300102,826.624131,On-Down,1096.192046,Down,0.245913037
572,02HC047,6008301802,1695.716107,On-Down,2247.126959,Down,0.245384824
526,02HD022,6013300102,4551.616181,Down,6010.67973,Down,0.242745183
705,02FE003,8005600902,5634.494722,On-Down,7439.884749,Down,0.242663709
438,02EC008,3007703802,6291.414331,On-Down,8305.237179,Down,0.24247626
436,02HM005,6018300202,19.12832474,On-Down,15.40483015,Down,0.241709552
409,02ED015,3005702102,7492.857381,Down,9870.574347,Down,0.240889424
686,02HC031,6008300202,5294.187484,Down,6956.106527,Down,0.238915123
339,02HF003,17002107502,3944.847999,On-Up,5182.729927,Up,0.238847469
253,02KF002,18000017502,756.1915998,On-Down,988.0006326,Down,0.234624377
715,02HC003,6008301902,6395.861868,Down,8354.160401,Down,0.234409975
113,02BF003,13000700202,1577.086769,On-Down,2059.502837,Down,0.234239089
905,02GB008,16018407102,1705.00977,On-Up,2225.792438,Up,0.233976295
82,02CF014,14002801102,7296.693421,Up,9518.742955,Up,0.233439388
725,02GA033,16018409902,2863.526096,Down,3733.115318,Down,0.232939288
302,02MC027,12007300902,4115.412613,On-Down,5359.724338,Down,0.23215965
265,02LB018,18207000702,21.66644923,On-Down,17.59433722,Down,0.231444467
969,02GE001,4001308602,1495.164624,Up,1944.563599,Up,0.231105311
792,02GA002,16018406902,3190.587784,Up,4126.606151,Up,0.226825225
1007,02GC030,16009700202,2371.524827,On-Down,3061.178709,Down,0.225290304
62,02AB025,1010800202,5928.416923,Down,7651.590699,Down,0.225204646
147,02CF012,14002808202,776.5399696,Up,1000.863131,Up,0.224129708
486,02HJ007,17002107702,1950.730418,On-Up,2514.157656,Up,0.224101793
710,02GA005,16018410402,294.7307036,On-Up,379.6653311,On-Up,0.2237092
910,02HA006,6002400102,2336.648721,On-Down,2998.218,Down,0.220654162
364,02HL003,17002602502,339.7482714,On-Down,435.7105467,On-Down,0.220243178
800,02GA013,16018402902,86.70338773,On-Down,111.185299,Down,0.220190182
309,02KF010,18343053002,4356.56951,On-Down,5582.524842,Down,0.219605889
63,02AB025,1010800602,7137.939546,Up,9128.819369,Up,0.218087328
365,02FB005,3003000102,846.9702942,On-Down,1082.5882,On-Down,0.217643149
673,02GA039,16018407502,4374.048283,Down,5584.731318,Down,0.216784473
343,02ED024,3007600202,4974.936134,Down,6321.457991,Down,0.213008116
682,02GA017,16018410002,4465.475924,Up,5667.367798,Up,0.212072326
199,02KB001,18493002002,3487.091548,Down,4425.501497,Down,0.212046013
809,02HB005,6006300902,4705.081452,On-Up,5967.735626,Up,0.211580112
206,02EA005,3012400102,6232.601156,Down,7894.037701,Down,0.210467268
174,02CC003,14001200202,4595.738827,Up,5817.484762,Up,0.210012743
751,02GA036,16018405302,825.0033387,On-Down,1044.13895,On-Down,0.209872078
38,02BB003,1006000102,7747.278119,Down,9784.080688,Down,0.208175161
862,02HB006,9000900402,2812.101738,On-Up,3540.160915,Up,0.205657086
523,02HD007,6011600302,1275.91128,On-Up,1605.976015,Up,0.20552283
898,02HA003,11000101002,966.7636701,On-Up,1216.514587,Up,0.205300388
329,02LA005,18003300502,5463.0077,Down,6864.411353,Down,0.204154964
73,02BD006,1002900302,7115.880034,On-Down,8934.112651,Down,0.203515748
848,02GA030,16018402602,2932.024129,Up,3677.920913,Up,0.202803921
735,02HC002,6008000302,2567.132366,On-Up,3220.189176,Up,0.202800759
810,02GA048,16018404102,1226.595009,On-Up,1538.507091,Up,0.202736851
799,02HB004,6006301102,18.5090553,On-Down,23.20980877,On-Down,0.202533055
791,02FF007,8004001002,2391.900403,Up,2987.786367,Up,0.199440619
432,02HL001,17002600202,7443.921815,Down,9282.12668,Down,0.198037037
357,02ED030,3007600602,2996.730582,On-Down,3730.491679,Down,0.196692865
108,02CD005,14001905202,2564.209173,On-Up,3191.693104,Up,0.196599081
315,02EB002,3008500402,5039.362591,Down,6272.076695,Down,0.196540024
306,02KD002,18349020002,794.2133072,On-Up,982.1768457,Up,0.191374435
753,02HB008,6007600402,23.35393635,On-Up,19.60430481,Up,0.191265723
297,02LB022,18207000302,4796.203324,Down,5910.336345,Down,0.188505858
22,05QD016,19000100602,1181.634926,On-Down,1455.053701,Down,0.187909748
493,02FC012,8012301202,3596.460833,On-Down,4423.449844,Down,0.186955666
730,02HC027,6008301202,104.380044,On-Down,128.3113858,On-Down,0.186509885
758,02HC033,6008200302,3244.202002,On-Down,3980.081794,Down,0.18489062
663,02HC009,6008300402,960.5061925,On-Up,1176.528725,Up,0.183610079
11,04JF001,19005300202,1528.710439,Down,1871.418849,Down,0.183127583
660,02HB019,6007605102,3629.712602,Down,3072.179839,Down,0.181477905
656,02HC022,6009701402,2128.097534,On-Down,2597.102808,Down,0.180587874
142,02DC001,3013301702,4220.500591,Up,3575.058079,Up,0.180540427
413,02FC009,8012300602,1981.083704,Down,1679.13702,Down,0.17982254
949,02GD007,4001302102,6844.413288,Down,8343.266599,Down,0.179648258
724,02GA033,16018407302,159.6546963,On-Up,194.1521806,Up,0.177682703
752,02GA036,16018405202,4844.938016,Down,5891.641618,Down,0.177659075
820,02HB011,6006001002,7256.358542,Up,8823.976199,Up,0.177654339
305,02FA002,8014300102,5115.512283,Down,6214.721574,Down,0.176871848
578,02HD008,6011100802,8192.842996,On-Down,9951.23873,Down,0.176701191
381,02HK003,17002109502,7659.542718,Up,9294.137697,Up,0.175873764
658,02HC006,6010400102,2573.483286,Down,3119.0986,Down,0.174927242
727,02FE009,8005601502,6231.316399,On-Up,7544.72688,Up,0.174083237
684,02HC013,6009400202,2225.653598,On-Down,2694.703066,Down,0.174063508
371,02HK006,17002100302,7804.770007,Down,9447.216119,Down,0.173855037
707,02FE003,8005604702,1359.596298,On-Up,1645.366385,Up,0.173681734
675,02HB018,6007601002,5865.885255,Down,7091.669438,Down,0.172848466
869,02FF006,8002201302,5288.987575,Down,6390.594926,Down,0.172379468
69,02AA001,1011700102,7873.489487,Up,9474.828977,Up,0.169009857
359,02ED013,3007000402,15.70342265,On-Down,13.45553353,Down,0.167060571
334,02HF002,17002107602,676.8173136,On-Down,811.3117676,Down,0.16577407
909,02HA020,6002400202,3860.548518,On-Down,4625.813136,Down,0.165433535
482,02FC011,8012301302,19.00713245,On-Down,16.33212798,Down,0.163787871
928,02HA032,6002400302,2089.479404,On-Up,2496.429327,Up,0.163012795
24,04LK001,19006400802,2485.370149,On-Down,2139.82818,Down,0.161481175
487,02HJ007,17002106902,4305.97025,Down,5125.002084,Down,0.159811025
41,04MC001,19006400502,2090.196017,Down,2482.766054,Down,0.158118014
70,02BD003,1002900202,6488.132928,On-Up,7705.456395,Up,0.157982007
303,02MC027,12007301002,6846.62998,Up,8130.770647,Up,0.157935911
107,02CD005,14001901002,198.993924,On-Down,236.003665,Down,0.156818501
378,02FB009,3003601002,96.5817365,On-Up,114.1130329,Down,0.153630974
760,02HC033,6008200202,5720.193085,On-Up,6748.589431,Up,0.152386859
344,02ED019,3006600102,528.3024474,On-Up,621.4186053,Up,0.149844496
337,02EC014,3007702302,4043.089871,Down,4754.269712,Down,0.14958761
503,02HD010,6014200202,4307.889666,On-Up,5064.593491,Up,0.149410575
155,02CF001,14002809002,8321.640305,Up,9779.465951,Up,0.149070067
588,02HE004,6017200102,41.19529542,On-Up,35.88310205,Up,0.148041643
837,02FF009,8002200602,894.3485129,On-Up,1048.08604,Up,0.146684071
483,02EC101,3007700902,353.4042683,On-Down,413.865199,Down,0.146088463
324,02KF007,18343019502,4281.105194,Up,5003.950617,Up,0.144454947
159,02CE007,14002802202,41.77476609,On-Down,48.82067451,Up,0.144322226
173,02CC003,14001200302,3048.167092,On-Down,2667.484566,Down,0.142712176
919,02HA031,6001700402,3019.099273,Down,3518.630593,Down,0.141967537
124,02CD002,14001907302,1938.898418,On-Up,2257.286288,Up,0.141048954
890,02GD015,4001309502,1977.028803,On-Up,2301.34836,Up,0.140925886
351,02FA001,8013500102,2787.966332,On-Down,3243.468396,Down,0.14043672
391,02HM011,6018000202,892.2845005,On-Down,1038.036019,Down,0.140410849
876,02GD009,4001301502,4591.026124,Down,5337.762276,Down,0.139896854
1034,02GE009,4001303302,1376.102437,Up,1599.629762,Up,0.139736913
204,02KC015,18481002002,3408.677075,Down,3954.092855,Down,0.137937019
326,02LA011,18003301802,4085.750501,Down,4738.576686,Down,0.137768412
590,02HB013,6007602302,327.4272204,On-Down,378.9951641,Down,0.136064912
731,02HC027,6008301902,4155.027187,Down,4804.128682,Down,0.135113262
479,02FC002,8012300202,7528.547699,Down,8700.443059,Down,0.134693757
566,02HC057,6008303302,2789.867042,On-Down,3223.367768,Down,0.134486896
899,02GB003,16018409702,8389.359922,Down,9687.031883,Down,0.133959708
79,02BE002,1000900102,4313.201278,On-Down,4980.368829,Down,0.133959466
15,05QD006,19000103602,101.1570273,On-Down,116.7674509,On-Down,0.133688142
833,02GA037,16018408502,1716.418551,On-Down,1977.255705,Down,0.131918777
696,02FE008,8005601702,44.26484654,On-Down,39.1256682,Up,0.131350558
780,02GA020,16018403402,4160.597542,Down,4788.54968,Down,0.131136185
962,02GD027,4001309102,831.6206759,On-Down,956.267842,On-Down,0.130347546
27,04LF001,19006401002,3716.228023,On-Down,4271.92508,Down,0.13008118
187,02JE008,18607006002,4134.753371,Down,4749.876586,Down,0.129502989
224,02LB024,18000004502,757.2413022,On-Down,671.4527726,On-Down,0.127765545
299,02MC001,12007300602,5005.869764,Up,5734.340652,Up,0.127036556
653,02HC022,6009700202,3310.186495,On-Up,3789.684978,Up,0.126527267
456,02ED001,3005702902,7117.646605,Down,8144.781732,Down,0.126109595
284,02LA007,18003302802,7834.503049,Down,8960.413354,Down,0.125653835
323,02KF007,18343018502,3493.424015,On-Down,3992.458192,Down,0.124994215
243,02LA019,18268002002,791.939208,On-Down,704.4973449,Down,0.124119507
938,02GD006,4001304202,90.58251019,On-Down,103.2822223,Down,0.122961259
136,02DB004,3013401202,1277.500498,On-Up,1454.775265,Up,0.12185715
933,02GD016,4001304202,4540.588695,Down,5169.471686,Down,0.121653242
885,02HA023,9000100202,2528.403578,On-Down,2872.961093,Down,0.119931145
798,02GA015,16018404302,5285.461899,Up,5999.789536,Up,0.119058783
280,02MC028,12008600802,4142.330017,On-Up,4697.852566,Up,0.118250316
333,02LB007,18207015002,8233.372033,Up,9337.09847,Up,0.118208718
750,02GA034,16018406902,3595.79959,Down,4076.984628,Down,0.118024737
517,02HD002,6012900302,2419.976503,On-Down,2742.00012,Down,0.117441139
467,02HK009,17002113102,3935.174245,On-Down,4454.279109,Down,0.116540713
785,02GA006,16018402902,3945.757362,Down,4457.19932,Down,0.11474514
958,02GD001,4001305302,1763.007699,On-Up,1989.302293,Up,0.11375576
400,02HM007,17003500302,426.2101524,On-Up,480.1322128,On-Up,0.112306692
90,02CF013,14002801802,90.37333919,On-Down,101.804871,Down,0.112288653
763,02GA050,16018401602,6746.493125,Down,7597.722015,Down,0.112037383
917,02GD011,4001307202,6617.76967,Up,7450.924612,Up,0.111819
912,02GD004,4001304102,3384.835133,On-Down,3806.701494,Down,0.110822023
185,02CD001,14001903701,7180.731037,Up,8071.858468,Up,0.110399288
903,02GB001,16018409702,3483.004721,On-Up,3137.744008,Up,0.110034698
346,02HH002,17002101902,1907.196956,On-Up,2138.340116,Up,0.108094666
748,02GA034,16018410302,1111.405986,On-Up,1003.350221,Up,0.107694963
294,02EB007,3008500602,3372.482868,Up,3776.371041,Up,0.106951401
719,02HC024,6008501302,724.7888781,On-Down,810.983125,Down,0.10628365
924,02GD003,4001305002,7849.378813,Up,8779.852993,Up,0.105978333
878,02GD010,4001311602,1551.432124,Down,1735.156627,Down,0.105883527
78,02JE018,18737000102,356.6656154,On-Up,398.6942167,On-Up,0.105415628
255,02LA013,18003303402,6090.793377,On-Down,6805.768279,Down,0.105054253
632,02HC018,6010800102,2645.147383,Down,2955.198895,Down,0.104917308
117,02CD006,14001901102,670.8882551,Up,749.4340113,Up,0.104806768
515,02HD012,6012900302,4868.42783,Down,5426.310138,Down,0.10281062
814,02GA024,16018413002,4692.688322,On-Down,5228.388974,Down,0.102459984
591,02HB013,6007602402,1504.178054,On-Up,1675.776261,Up,0.102399235
321,02LA006,18003300302,4286.404161,Down,4775.025536,Down,0.102328537
172,02CC002,14001200302,7673.361004,Down,8543.438719,Down,0.101841629
328,02LA024,18003300802,5786.023584,Down,5251.459421,Down,0.101793448
156,02DB005,3013400102,6722.958763,Up,7481.344003,Up,0.101370187
489,02HK011,17002112902,3478.657959,On-Up,3869.139166,Up,0.100921985
419,02HJ006,17002101402,3172.468043,Up,3528.080625,Up,0.100794914
123,02CD002,14001903001,654.384285,On-Up,727.6461584,On-Up,0.100683378
408,02ED015,3005702202,5987.313195,On-Up,6653.636721,Up,0.10014426
519,02HD002,6012900502,2418.042533,Up,2685.289757,Up,0.099522676
51,02AB015,1010400202,8381.252699,Down,9295.401767,Down,0.098344223
412,02HM001,17003500402,6907.550567,Up,7647.852696,Up,0.096798691
17,05QD010,19000100602,3394.309447,Up,3757.430955,Up,0.0966409
769,02GA023,16018406902,4290.234373,Down,4745.299954,Down,0.09589817
292,02LA012,18003301402,4966.211115,Up,5485.558431,Up,0.094675378
141,02DB007,3013401202,1785.374946,Up,1971.836087,Up,0.094562191
774,02FF015,8004001002,3189.893205,Down,3519.237908,Down,0.093584097
202,02EA007,3012400302,1649.624568,On-Down,1508.751126,Down,0.093370894
528,02HD019,6013300102,796.8104261,On-Down,877.2873816,Down,0.091733857
776,02GA029,16018405402,3523.973441,Down,3879.393995,Down,0.091617545
429,02FC005,8012300602,2956.902247,Down,3254.980283,Down,0.091575988
771,02FE016,8005603202,6300.522178,Up,6929.315953,Up,0.09074399
10,04MF001,19006403702,3516.45939,On-Down,3865.394742,Down,0.090271596
967,02GE001,4001304702,4624.283912,On-Down,5082.555252,Down,0.09016554
550,02HD009,6011700302,2188.282882,On-Down,2404.332011,Down,0.089858276
455,02FC016,8012301502,1237.643911,On-Down,1359.639257,Down,0.089726261
772,02HB029,6007600202,7296.123063,Down,8011.876344,Down,0.089336536
877,02GD010,4001309002,18.65645133,On-Up,20.47869397,Up,0.088982366
56,02AB016,1010600202,4301.373609,Down,4709.799767,Down,0.08671837
804,02GD014,4001304402,43.3225116,On-Up,39.89094517,Up,0.086023693
35,02BA005,1007800202,412.7601228,On-Down,451.3687689,Down,0.085536813
844,02GD018,4001306702,8940.407254,Down,9773.446603,Down,0.085234962
718,02HC024,6008501402,301.3928681,On-Up,329.3103295,On-Up,0.084775541
131,02CF009,14002808002,3055.063075,Down,3334.951518,Down,0.083925791
291,02LA012,18003302802,1519.900157,Down,1658.710849,Down,0.083685889
399,02HK902,17002100202,8968.89099,Down,9777.020435,Down,0.082656004
135,02CF005,14002808102,3018.877377,Up,3289.102516,Up,0.082157713
713,02HC003,6008300802,2288.865427,On-Up,2493.026561,Up,0.081892884
44,02BB004,1006001002,3746.790819,On-Up,4080.702318,Up,0.081826968
316,02MC002,12000000102,8213.669766,On-Down,7593.144807,Down,0.081721734
700,02HC034,6008301502,3421.937961,On-Down,3724.593144,Down,0.081258589
312,02MC030,12007301602,3105.946405,On-Down,3376.880242,Down,0.080231995
729,02GA028,16018401702,2601.065375,On-Up,2823.258894,Up,0.078701078
1033,02GE007,4001303102,4855.457567,Up,5268.50013,Up,0.078398511
817,02GA008,16018406302,4358.100811,Up,4713.875577,Up,0.075473941
448,02HM009,12000201002,26.8260735,On-Down,24.95201156,Down,0.075106647
674,02HB018,6007601402,2387.530382,On-Up,2579.059332,Up,0.074263103
841,02FF014,8002200702,3162.692145,On-Down,3413.303913,Down,0.073422049
31,02AD012,1009000102,3406.560876,Up,3673.566823,Up,0.072683024
961,02GD027,4001306802,1028.046368,On-Up,958.5237745,Up,0.072530902
889,02GD015,4001305002,6611.327502,On-Down,7125.919532,Down,0.072214123
414,02FB001,3003600902,817.206983,On-Down,880.7088206,Down,0.072103102
215,02EA009,3012000102,1723.508297,On-Down,1857.323468,Down,0.072047316
465,02ED102,3005700202,1444.947909,On-Down,1556.655009,Down,0.071760987
313,02EB005,3009200202,3343.306653,On-Up,3600.401277,Up,0.071407214
488,02FD001,8010300102,152.7412559,On-Down,164.4025849,On-Down,0.070931543
783,02GA031,16018410202,8382.847735,Down,9020.528529,Down,0.070692176
662,02GA027,16018406702,4713.658838,Up,5067.85079,Up,0.069889973
293,02LB020,18207014502,7949.644601,Down,8535.401169,Down,0.068626718
473,02HK010,17002106802,2401.179047,Down,2576.520486,Down,0.068053578
507,02HD004,6012901102,13.11537771,On-Down,14.05541621,On-Down,0.066880872
470,02FC021,8012302602,31.36254291,On-Down,29.40244481,Down,0.06666446
511,02FC020,8012301802,8065.57705,Up,8624.332065,Up,0.064788207
431,02FC004,8012303702,3431.895249,Up,3228.065922,Up,0.063142864
2,04CB001,19000800102,6480.447391,Up,6914.94828,Up,0.062835017
76,02JD004,18697500702,777.5833492,On-Up,732.3719554,Up,0.061732831
111,02BF004,13000000102,9394.07585,Down,8852.654581,Down,0.0611592
9,04KA001,19006403802,2694.733132,On-Down,2539.875591,Down,0.060970522
934,02GD016,4001303902,952.8483963,Up,899.7397137,Up,0.059026718
717,02HC005,6008500202,3689.564855,On-Up,3917.659265,Up,0.058222115
186,02JE008,18607009002,274.2092214,On-Up,291.1160959,On-Up,0.058076055
390,02HJ002,17002101602,8115.148569,Up,8597.27039,Up,0.056078476
721,02FE013,8005602602,135.7261842,On-Down,128.7205449,Down,0.054425183
510,02FC020,8012300402,1841.918038,On-Down,1947.55168,Down,0.054239198
4,04FC003,19004400102,1119.63163,On-Down,1182.696104,Down,0.053322636
130,02CF009,14002808402,809.5140241,On-Up,768.7836474,Up,0.052980285
61,05PA006,19000102002,1687.126161,On-Down,1781.013996,Up,0.052715944
840,02GD026,4001307602,5666.300186,Up,5974.367843,Up,0.051564896
1,04CE002,19000800202,999.6051127,On-Up,950.7811929,Up,0.051351373
8,04GD001,19005300102,1078.712145,On-Down,1136.161989,On-Down,0.050564835
808,02HB005,6006300202,1795.449207,On-Down,1889.682886,Down,0.049867457
340,02LA017,18003302302,148.7421728,On-Down,156.5191725,On-Down,0.049687201
37,02BA003,1006700102,6291.080194,On-Down,6619.904983,Down,0.049672131
277,02LA004,18003303402,8083.640285,Down,8505.36889,Down,0.049583811
247,02LA019,18000014002,3242.562049,Up,3092.763353,On-Up,0.048435227
223,02LB024,18000004402,723.2029803,On-Down,689.8306945,Down,0.048377502
3,04FC001,19004300102,509.9170061,On-Down,535.4138005,On-Down,0.047620727
274,02LB013,18207010002,185.2571733,On-Down,176.8544147,Down,0.047512292
861,02HB006,9000900302,835.048747,On-Up,876.6308438,On-Up,0.047433988
251,02KE004,18349002002,7399.693672,Down,7767.478806,Down,0.047349358
981,02GC005,16012400402,727.2263521,On-Up,763.081888,Up,0.046987796
401,02HM007,17003500402,3620.722321,Down,3797.291971,Down,0.046498834
276,02LA004,18003301202,7831.595792,On-Up,8203.383126,Up,0.04532122
188,02KA002,18000030002,154.6143997,On-Down,147.9535057,Up,0.045020184
295,02EB008,3008500902,296.5431607,On-Up,310.2488735,On-Up,0.044176511
74,02BD006,1002900402,324.3241137,On-Up,338.9922557,On-Up,0.043269844
853,02GA003,16018404602,6946.349742,Up,7260.334584,Up,0.043246608
184,02CD001,14001900102,98.26817141,On-Up,102.688892,On-Up,0.043049648
21,05QD016,19000100502,29.20526847,On-Up,30.48154998,On-Up,0.041870624
959,02GD001,4001302102,9347.016339,Down,9753.255173,Down,0.041651616
66,02JC009,18771000820,166.476024,On-Down,159.8281323,Down,0.041594002
417,02HJ006,17002103802,5565.214387,On-Down,5802.623422,Down,0.040914086
521,02HE001,6016300102,3275.692439,Down,3414.799805,Down,0.040736609
940,02HA007,11000101202,57.71282177,On-Down,60.16291568,On-Down,0.040724321
182,02CE001,14002804502,416.0314076,On-Up,433.2571797,On-Up,0.039758769
405,02FC018,8012302002,3760.181449,On-Down,3915.238162,Down,0.039603392
384,02EC020,3007703602,114.2211925,On-Down,118.9038429,Down,0.039381826
138,02DB004,3013400602,524.471666,Down,545.8491828,Down,0.039163779
868,02FF016,8002201402,1046.944864,On-Up,1007.984306,Up,0.038651949
260,02LB012,18207009502,120.1899857,On-Up,124.991916,Up,0.038417927
449,02ED014,3005702002,5659.962235,Up,5885.204497,Up,0.038272631
695,02FE014,8005600202,2082.592778,Up,2165.361997,Up,0.038224195
525,02HD022,6013300502,23.23603313,On-Up,22.39394844,Up,0.037603225
766,02GA012,16018409902,6521.063296,Up,6773.075681,Up,0.037207968
882,02FF005,8002201802,4384.715716,Down,4549.460003,Down,0.036211833
954,02GE002,4001302202,2817.578681,On-Up,2922.889964,Up,0.036029848
446,02HK014,17002104502,5646.917342,Down,5457.430497,Down,0.03472089
353,02ED007,3007600102,270.1815679,On-Down,279.7818481,Down,0.034313449
915,02GD011,4001301702,1828.578935,On-Down,1771.055797,Down,0.032479574
248,02EA001,3009800302,3785.120896,On-Down,3910.138179,Down,0.0319726
45,02BB004,1006001202,316.3097644,On-Down,326.5653192,On-Down,0.031404299
301,02LB009,18207016002,237.6966551,On-Up,230.6423281,Up,0.03058557
714,02HC003,6008310102,31.25858174,On-Up,32.22516033,On-Up,0.029994532
942,02GB002,16018400702,6833.490551,Up,7043.174312,Up,0.029771201
823,02GA047,16018404602,5811.834411,Down,5989.550078,Down,0.029670954
311,02KF001,18343015002,2843.077269,On-Down,2929.987291,Down,0.029662252
598,02GA022,16018406702,4493.149667,Down,4364.909627,Down,0.02937977
361,02MB010,12003400102,56.99731096,On-Down,55.38758144,Down,0.029063004
764,02GA012,16018412602,3166.843925,On-Down,3078.979364,Down,0.028536911
152,02JE012,18000034102,6772.145496,Down,6967.700099,Down,0.028065875
317,02KF017,18343000102,28.43307183,On-Down,27.6728896,Down,0.027470287
318,02KF017,18343000102,28.43307183,On-Down,27.6728896,Down,0.027470287
319,02KF017,18343000102,28.43307183,On-Down,27.6728896,Down,0.027470287
366,02MB006,12003100102,13.58600677,On-Up,13.22516619,Up,0.027284389
873,02GD005,4001304502,2948.489141,Down,3030.40219,Down,0.027030421
298,02MC001,12007300402,4431.592064,Down,4316.505974,Down,0.026661863
161,02CC009,14001200202,7178.228487,Down,7374.649958,Down,0.026634684
665,02HC009,6008302402,51.63072315,On-Down,53.03854345,On-Down,0.026543344
388,02HJ002,17002103102,1238.272152,On-Down,1271.825712,Down,0.0263822
275,02LA004,18003303102,1471.007811,On-Up,1433.294208,On-Up,0.026312534
398,02HK902,17002105702,1047.896298,On-Up,1076.129612,Up,0.02623598
913,02GD004,4001311302,1262.749228,On-Up,1296.45725,Up,0.026000103
358,02EC013,3007702302,9170.208777,Down,9411.549615,Down,0.02564305
901,02GB001,16018407602,582.8820501,On-Up,597.769541,On-Up,0.024905068
842,02GD018,4001302502,9208.309517,On-Up,9432.263434,Up,0.023743391
485,02EC101,3007703202,3416.771036,Up,3337.797879,Up,0.023660257
30,04LB001,19006401102,909.7573975,Down,931.2027606,On-Down,0.023029746
875,02GD009,4001306402,1947.446907,On-Up,1904.742982,Up,0.022419783
762,02GA007,16018409902,3813.962581,Up,3901.339112,Up,0.022396548
830,02HB016,6006000502,141.2998957,On-Up,138.435106,Up,0.020694098
822,02GA047,16018401302,34.79099989,On-Up,35.51990173,Up,0.020520942
402,02FB004,3003600602,2947.328505,On-Up,2889.187509,Up,0.020123649
25,04LK001,19006402502,5818.447769,Up,5934.385955,Up,0.019536678
490,02HK011,17002106802,3413.46758,Down,3481.4488,Down,0.019526704
106,02DB001,3013400202,7925.16076,Down,8082.79783,Down,0.019502785
681,02GA017,16018407502,97.38154636,On-Up,99.28343549,On-Up,0.019156158
474,02HK010,17002104602,9460.225067,Up,9297.837609,Up,0.017465078
228,02KC009,18369001002,2365.714818,On-Down,2406.478461,Down,0.016939127
49,05PC019,19000103902,3578.001671,Up,3520.123777,On-Up,0.016442005
132,02CF005,14002804802,2362.467656,On-Down,2327.100086,Down,0.01519813
789,02HB002,6007600202,79.33813128,On-Up,78.15929222,Up,0.01508252
370,02HK006,17002109502,164.8848991,On-Down,167.3552335,On-Down,0.014761023
957,02GE002,4001302802,8259.286423,Down,8139.732146,Down,0.014687741
14,04JG001,19005300602,1517.220419,On-Up,1539.650378,On-Up,0.014568215
778,02GA020,16018404302,1252.18278,On-Up,1269.84747,Up,0.013910875
745,02GA040,16018409902,150.4699189,On-Up,152.5688215,On-Up,0.013757087
416,02FB001,3003600502,7449.653736,Up,7547.178637,Up,0.012922034
761,02GA007,16018412602,5873.94464,Down,5950.715933,Down,0.012901186
447,02HK014,17002104602,3290.138427,Up,3331.423246,Up,0.012392547
227,02LB005,18207002002,9385.880962,Down,9271.656541,Down,0.012319742
472,02HK010,17002104502,523.1692986,On-Up,516.9003931,On-Up,0.012127879
189,02KA002,18000030102,46.1547332,On-Down,46.71693562,Down,0.012034231
126,02CD003,14001904902,489.3451014,On-Up,495.1550953,On-Up,0.011733685
1016,02GC004,16010900202,340.2452991,On-Down,344.2276641,Down,0.011568986
48,05PC019,19000100402,1289.785146,On-Up,1304.532639,On-Up,0.01130481
444,02HM003,17003100102,2078.311625,On-Down,2055.735582,Down,0.010981978
496,02EC009,3007700302,3981.729736,On-Up,3940.044807,Up,0.010579811
638,02HD013,6011200102,190.27248,On-Down,192.0631855,On-Down,0.009323523
43,02BB002,1006000202,110.1168234,On-Down,111.1421374,On-Down,0.00922525
310,02EB011,3009200102,336.8484535,On-Up,333.7955109,Up,0.009146146
53,04LA001,19006400102,1706.10526,On-Down,1721.045784,Down,0.008681073
839,02GD026,4001305405,6752.895125,Down,6811.409987,Down,0.008590712
84,02CF100,14002801002,33.28935962,On-Up,33.56766304,On-Up,0.008290819
194,02DD010,3013300802,3857.146041,Down,3825.804692,Down,0.008192093
746,02GA040,16018412602,9621.060081,Down,9699.486223,Down,0.008085598
47,05PC018,19000101102,6571.976523,Up,6519.682812,Up,0.008020898
635,02HC054,6010800302,650.1203173,On-Down,655.0808122,On-Down,0.00757234
611,02HC106,6010402502,1114.607447,On-Down,1122.997633,Down,0.007471241
183,02CE001,14002805702,4782.837765,On-Down,4753.420107,Down,0.006188735
689,02HB031,6007602602,375.7397422,On-Down,378.0411042,Up,0.006087597
285,02LA007,18003301602,7837.4556,Up,7798.612388,Up,0.004980785
0,04EA001,19004000102,250.5840818,On-Up,249.5906942,On-Up,0.003980067
677,02HC007,6008305902,75.63788506,On-Down,75.93372748,On-Down,0.003896061
803,02GA038,16018407402,36.48782617,On-Up,36.62542589,On-Up,0.003756945
374,02HL101,17002600602,1484.281443,On-Down,1479.223928,On-Down,0.003419033
794,02GA015,16018405602,1091.269766,On-Down,1093.391924,Down,0.001940894
80,02JE028,18697000102,7057.130081,Up,7044.854529,Up,0.001742485
756,02HB024,6007600502,1109.391159,On-Up,1108.303998,Up,0.000980923
816,02GA008,16018401302,2125.969682,Down,2127.625771,Down,0.000778374
6,04FB001,19004300402,620.8770854,On-Up,620.442109,On-Up,0.000701075
191,02DD024,3013303102,2998.520875,On-Up,2999.861237,Up,0.000446808
7,04FA001,19004300202,64.65170879,On-Down,64.65170879,On-Down,0
12,05QE007,19000100702,82.0310373,On-Down,82.0310373,On-Down,0
13,04JG001,19005301002,68.38138478,On-Down,68.38138478,On-Down,0
16,05QD010,19000103802,220.8093542,On-Down,220.8093542,On-Down,0
26,04LJ001,19006401302,440.0634454,On-Down,440.0634454,On-Down,0
29,04LD001,19006401602,277.1574102,On-Down,277.1574102,On-Down,0
32,02AC002,1009200102,97.61364006,On-Up,97.61364006,On-Down,0
36,02AC001,1009400102,146.0701818,On-Down,146.0701818,On-Down,0
39,04MC001,19006400602,123.6784745,On-Up,123.6784745,On-Up,0
40,04MC001,19006403102,91.10848187,On-Up,91.10848187,On-Up,0
50,04MD004,19006400402,49.65043521,On-Down,49.65043521,On-Down,0
58,02AB008,1010700402,0.094537661,On-Down,0.094537661,On-Down,0
64,02AB023,1010800602,13.3146604,On-Up,13.3146604,On-Down,0
71,02BD003,1002900502,81.70118236,On-Up,81.70118236,On-Up,0
87,02CF011,14002805002,23.25968664,On-Up,23.25968664,On-Up,0
95,02CF008,14002802802,22.11826964,On-Down,22.11826964,On-Down,0
99,02CF007,14002800802,25.83091256,On-Down,25.83091256,On-Down,0
120,02CD002,14001901902,16.48284901,On-Up,16.48284901,On-Down,0
129,02CF009,14002808102,17.51246992,On-Down,17.51246992,On-Down,0
133,02CF005,14002808002,39.75848365,On-Down,39.75848365,On-Down,0
140,02DB007,3013400602,30.74098784,On-Down,30.74098784,On-Down,0
143,02CD004,14001900302,76.37999254,On-Up,76.37999254,On-Down,0
148,02JE012,18000036002,450.3628568,On-Up,450.3628568,On-Up,0
149,02JE012,18000036102,191.0443636,On-Up,191.0443636,On-Up,0
150,02JE012,18000036202,231.3577852,On-Up,231.3577852,On-Up,0
151,02JE012,18000036302,323.5240284,On-Up,323.5240284,On-Up,0
171,02CC002,14001200202,66.27065594,On-Down,66.27065594,On-Down,0
178,02DD013,3013303602,25.33290399,On-Down,25.33290399,On-Down,0
181,02CE001,14002808802,542.9802748,On-Down,542.9802748,On-Down,0
196,02DD004,3013303902,158.9628792,On-Up,158.9628792,On-Down,0
200,02DD009,3013302302,43.45188241,On-Down,43.45188241,On-Down,0
213,02CG003,8015800102,18.47341809,On-Down,18.47341809,On-Down,0
225,02EA012,3011500102,40.42200939,On-Up,40.42200939,On-Up,0
229,02KF009,18000017002,81.37283355,On-Up,81.37283355,On-Up,0
230,02KF009,18000017102,104.8653094,On-Down,104.8653094,On-Down,0
231,02KF009,18000017202,331.4000842,On-Down,331.4000842,On-Down,0
245,02LA019,18000013302,888.1910947,On-Up,888.1910947,On-Up,0
267,02KF011,18337012102,19.09988882,On-Up,19.09988882,On-Up,0
272,02MC036,12008600102,66.86230736,On-Up,66.86230736,On-Up,0
279,02EB103,3008502802,18.92527837,On-Up,18.92527837,On-Down,0
283,02LA007,18003303602,28.46590637,On-Up,28.46590637,On-Up,0
286,02LB006,18207014502,15.51393878,On-Down,15.51393878,On-Down,0
287,02EB004,3008500602,30.92368795,On-Up,30.92368795,On-Up,0
288,02KF012,18343000202,18.61965487,On-Down,18.61965487,On-Down,0
290,02LA012,18003303702,29.22477429,On-Down,29.22477429,On-Up,0
296,02EB105,3008502502,31.61412381,On-Down,31.61412381,On-Up,0
300,02LB009,18207011002,17.93023331,On-Down,17.93023331,On-Up,0
304,02FA002,8014300202,48.90043776,On-Down,48.90043776,On-Down,0
320,02KF019,18343017502,58.37227562,On-Down,58.37227562,On-Down,0
325,02KF018,18343061002,23.47138136,On-Up,23.47138136,On-Down,0
327,02LA024,18003300902,168.9612192,On-Up,168.9612192,On-Up,0
336,02EC001,3007702302,20.37351297,On-Down,20.37351297,On-Down,0
342,02ED024,3007600502,13.63806373,On-Down,13.63806373,On-Down,0
347,02EC002,3007703102,45.02086114,On-Up,45.02086114,On-Up,0
348,02ED017,3007300202,6.156604994,On-Up,6.156604994,On-Up,0
350,02FA001,8013500302,62.21474328,On-Up,62.21474328,On-Down,0
352,02ED007,3007600302,18.24754311,On-Down,18.24754311,On-Down,0
363,02HL003,17002601002,18.33052743,On-Down,18.33052743,On-Down,0
368,02HL004,17002600902,40.05089342,On-Down,40.05089342,On-Down,0
372,02FB010,3003000202,33.25061568,On-Up,33.25061568,On-Up,0
380,02HK003,17002100302,29.84924744,On-Down,29.84924744,On-Up,0
392,02FC001,8012303082,51.46246858,On-Down,51.46246858,On-Up,0
393,02FC001,8012303002,53.51306119,On-Down,53.51306119,On-Up,0
394,02FC001,8012304102,49.83987647,On-Down,49.83987647,On-Up,0
397,02FC019,8010300202,34.29488664,On-Down,34.29488664,On-Down,0
411,02HM001,17003500202,42.30278852,On-Up,42.30278852,On-Down,0
420,02HJ003,17002104902,70.99434533,On-Down,70.99434533,On-Down,0
433,02HK004,17002111802,500.8962252,On-Down,500.8962252,On-Down,0
434,02FC015,8012300802,26.76456019,On-Up,26.76456019,On-Down,0
440,02EC008,3007701902,32.87732943,On-Down,32.87732943,On-Up,0
442,02ED003,3005702902,42.15963182,On-Up,42.15963182,On-Up,0
445,02HM003,17003100202,18.6895234,On-Down,18.6895234,On-Down,0
450,02FC016,8012305702,44.29919654,On-Up,44.29919654,On-Up,0
458,02HK015,17002107102,31.30593368,On-Down,31.30593368,On-Down,0
461,02FD003,8010700402,11.14969611,On-Up,11.14969611,On-Down,0
466,02ED102,3005700302,30.11383958,On-Up,30.11383958,On-Up,0
468,02HK009,17002113202,17.63119587,On-Down,17.63119587,On-Down,0
477,02HK007,17002113302,16.15043522,On-Down,16.15043522,On-Down,0
478,02FC002,8012303202,33.58637249,On-Up,33.58637249,On-Down,0
481,02FC011,8012301302,19.00713245,On-Down,19.00713245,On-Down,0
491,02HG003,17002113702,9.182541683,On-Up,9.182541683,On-Up,0
492,02FC012,8012305102,50.53100156,On-Down,50.53100156,On-Down,0
495,02EC009,3007703902,33.44673392,On-Down,33.44673392,On-Down,0
504,02HE002,6015700202,11.17095127,On-Down,11.17095127,On-Down,0
512,02ED026,3005702802,28.76412034,On-Up,28.76412034,On-Up,0
514,02HD012,6012900502,36.47731314,On-Down,36.47731314,On-Up,0
541,02HC019,6010400602,25.61335549,On-Down,25.61335549,On-Up,0
556,02HC046,6010401802,75.75745957,On-Up,75.75745957,On-Up,0
565,02HC057,6008301302,3.279726257,On-Up,3.279726257,On-Up,0
596,02FE011,8005600702,32.34770785,On-Down,32.34770785,On-Down,0
604,02HC035,6010406102,35.49690779,On-Down,35.49690779,On-Down,0
614,02HC106,6010401302,50.48431644,On-Down,50.48431644,On-Down,0
646,02HC051,6008310402,29.90299537,On-Up,29.90299537,On-Up,0
654,02HC022,6009700302,27.35954445,On-Down,27.35954445,On-Down,0
657,02HC006,6010400502,31.59282701,On-Down,31.59282701,On-Down,0
668,02HC103,6009701102,29.14691662,On-Up,29.14691662,On-Down,0
672,02GA039,16018410002,57.58107624,On-Down,57.58107624,On-Down,0
685,02HC031,6008310302,43.62296763,On-Down,43.62296763,On-Down,0
699,02HC034,6008300202,139.1556518,On-Down,139.1556518,On-Down,0
706,02FE003,8005601302,17.61057976,On-Up,17.61057976,On-Up,0
726,02FE009,8005603702,36.91652702,On-Up,36.91652702,On-Up,0
728,02GA028,16018407702,8.550945209,On-Down,8.550945209,On-Down,0
740,02HB025,6007600302,47.44704037,On-Up,47.44704037,On-Down,0
757,02HB024,6007600802,9.048102712,On-Down,9.048102712,On-Up,0
768,02GA023,16018407902,22.98505999,On-Down,22.98505999,On-Up,0
775,02GA029,16018410202,34.52145998,On-Down,34.52145998,On-Down,0
782,02GA031,16018402302,14.5966344,On-Down,14.5966344,On-Down,0
784,02GA006,16018407802,3.80247837,On-Up,3.80247837,On-Up,0
790,02FF007,8004000802,61.98990796,On-Up,61.98990796,On-Up,0
793,02GA015,16018403402,66.83355827,On-Down,66.83355827,On-Down,0
829,02GA018,16018406802,207.1046853,On-Up,207.1046853,On-Down,0
836,02FF009,8002201602,16.85029002,On-Down,16.85029002,On-Down,0
850,02HB015,9000800702,7.293792581,On-Down,7.293792581,On-Down,0
856,02HB006,9000910102,52.99661829,On-Down,52.99661829,On-Down,0
865,02HB006,9000950102,170.093631,On-Down,170.093631,On-Down,0
867,02GD023,4001305502,146.0420454,On-Down,146.0420454,On-Down,0
872,02GD005,4001301502,35.07694462,On-Down,35.07694462,On-Down,0
880,02GD021,4001308002,24.58450932,On-Up,24.58450932,On-Up,0
883,02HA023,9000100402,31.66912946,On-Down,31.66912946,On-Down,0
892,02FF008,8002202402,28.45616752,On-Down,28.45616752,On-Down,0
904,02GB008,16018410602,17.7532428,On-Up,17.7532428,On-Up,0
906,02GD022,4001303402,43.48860724,On-Down,43.48860724,On-Down,0
908,02HA020,6002400902,26.68634001,On-Up,26.68634001,On-Up,0
911,02HA006,6002400802,32.4502421,On-Up,32.4502421,On-Down,0
918,02HA031,6001700702,33.72782094,On-Up,33.72782094,On-Up,0
922,02GD003,4001301402,115.9508391,On-Up,115.9508391,On-Up,0
926,02FF002,8002202002,66.38228383,On-Down,66.38228383,On-Up,0
931,02GD008,4001311202,41.20461625,On-Down,41.20461625,On-Down,0
941,02GB002,16018409202,37.97904879,On-Down,37.97904879,On-Down,0
943,02GB010,16018409602,21.26301333,On-Up,21.26301333,On-Up,0
951,02HA028,11000101102,57.21354358,On-Down,57.21354358,On-Down,0
956,02GE002,4001301302,65.47678382,On-Down,65.47678382,On-Down,0
964,02GC017,16010900702,11.49726861,On-Up,11.49726861,On-Up,0
968,02GE001,4001302802,76.30418591,On-Down,76.30418591,On-Down,0
973,02GC022,16016400102,29.22892378,On-Up,29.22892378,On-Down,0
977,02GG006,4002701402,26.5952975,On-Up,26.5952975,On-Up,0
980,02GC035,16017000282,60.67772607,On-Up,60.67772607,On-Up,0
984,02GC012,16015900702,53.52383165,On-Up,53.52383165,On-Up,0
995,02GG002,4002701202,27.3578828,On-Up,27.3578828,On-Up,0
999,02GC031,16008700502,28.65499515,On-Down,28.65499515,On-Down,0
1005,02GG004,4002700802,41.83762173,On-Down,41.83762173,On-Down,0
1013,02GE006,4001308302,98.96502417,On-Down,98.96502417,On-Up,0
1014,02GC026,16010900802,63.42180466,On-Up,63.42180466,On-Up,0
1020,02GC007,16012401102,24.83367222,On-Up,24.83367222,On-Up,0
1022,02GC009,16012401302,91.31465032,On-Down,91.31465032,On-Down,0
1026,02GC036,16009900102,69.3088575,On-Down,69.3088575,On-Down,0
1032,02GE007,4001308102,31.07563816,On-Up,31.07563816,On-Up,0
5,04DA001,19001800302,1308.325693,Up,,,
18,05PE020,19000100202,34.44285796,On-Down,,,
19,05PE011,19000100202,1611.770174,Down,,,
20,05PE005,19000100202,4944.247172,Down,,,
23,05QD016,19000103802,4573.363609,Down,,,
28,04LF001,19006401702,3726.033331,Up,,,
33,02AE001,1008100102,7872.453408,Down,,,
55,02AB024,1010700202,7864.50911,Down,,,
59,02AB008,1010600202,5338.202458,Down,,,
65,02JC009,18771000502,171.6686596,On-Down,,,
72,02BD003,1002900602,6951.392049,On-Up,,,
75,02BD002,1002900102,6307.202415,Down,,,
81,02BF001,7003100102,9805.712467,Down,,,
83,02JE031,18642404002,7310.461063,Down,,,
86,02JE022,18642404002,5579.809568,Down,,,
88,02DA001,3013400402,188.4607092,On-Up,,,
89,02CF013,14002801202,3763.631278,On-Down,,,
91,02CF013,14002807602,801.8774431,On-Down,,,
92,02CF013,14002808702,105.1707659,On-Up,,,
93,02CF013,14002806902,784.3752225,On-Down,,,
94,02CF013,14002801302,1066.125137,Up,,,
96,02CF010,14002803102,8694.783515,On-Down,,,
100,02CF007,14002803002,8663.568688,Down,,,
102,02CA002,13001100302,4403.627996,On-Up,,,
103,02CA002,13001100102,7134.829037,Down,,,
104,02CA002,13001100902,6876.773414,Up,,,
105,02DB001,3013400802,89.65080893,On-Up,,,
109,02CD005,14001904902,3494.41542,Down,,,
112,02BF004,13000001002,2186.707647,Up,,,
114,02BF003,13000700302,923.9481385,On-Up,,,
115,02BF003,13000000202,2382.964382,Down,,,
116,02CD006,14001907102,5375.750707,Down,,,
118,02CA001,13000000702,2010.093541,Down,,,
119,02CA001,13000000202,2425.819173,Up,,,
122,02CD002,14001904502,1771.554949,On-Down,,,
125,02CD002,14001901102,5349.877701,Down,,,
127,02CD003,14001907102,5109.965198,Up,,,
128,02CF009,14002804302,1725.358184,On-Up,,,
134,02CF005,14002804702,2694.585235,Down,,,
137,02DB004,3013401302,1630.445282,On-Up,,,
139,02DB004,3013400502,2615.279779,Up,,,
144,02CD004,14001903501,9182.992093,On-Up,,,
145,02CD004,14001904001,9958.775066,Down,,,
157,02CE004,14002802002,673.5255336,On-Up,,,
158,02CE007,14002802102,7451.361937,On-Down,,,
160,02CE007,14002805209,357.3360059,On-Down,,,
165,02CF002,14002805102,9391.52136,Up,,,
167,02DD014,3013301001,1998.474266,On-Down,,,
169,02KA014,18000032302,6199.707654,Down,,,
170,02JE014,18607008002,3597.712075,Up,,,
176,02DD013,3013302402,4589.250424,On-Down,,,
179,02DD013,3013303702,6866.789841,Up,,,
180,02CE001,14002800102,8950.033137,On-Down,,,
192,02DD024,3013303202,5222.11708,Up,,,
197,02DD004,3013300802,5007.501209,Up,,,
198,02KH002,18454001002,2858.430565,Down,,,
203,02KC014,18481002002,7599.131707,Down,,,
205,02KC017,18394010002,2639.208429,On-Up,,,
207,02KC011,18000024002,1990.862115,Down,,,
208,02LF003,18240003002,48.68048222,On-Down,,,
209,02LF003,18240009002,6023.5342,On-Up,,,
210,02LF003,18240010002,5379.054462,On-Up,,,
211,02LF003,18240009082,4879.954314,On-Up,,,
212,02LF003,18000008102,3880.408153,Down,,,
217,02EA006,3012400102,2792.096362,Down,,,
218,02KF004,18000016102,225.7377322,On-Up,,,
219,02KF004,18000016202,1438.215402,Down,,,
220,02LB024,18000004102,757.6164232,On-Down,,,
221,02LB024,18000004202,812.183979,On-Down,,,
222,02LB024,18000004302,714.6503404,On-Down,,,
226,02LH030,18266102002,8055.495464,Down,,,
232,02KF009,18000017302,560.7663991,On-Down,,,
233,02KF009,18000017402,733.4941947,Down,,,
234,02LA019,18000012202,2129.13851,On-Down,,,
235,02LA019,18000012302,2147.401827,On-Down,,,
236,02LA019,18000012402,2171.656399,On-Down,,,
237,02LA019,18000012502,2200.144249,On-Down,,,
238,02LA019,18000012602,2210.058682,On-Down,,,
239,02LA019,18000013102,519.6727296,On-Down,,,
240,02LA019,18000013202,529.4818879,On-Down,,,
241,02LA019,18272010002,367.3992416,On-Down,,,
242,02LA019,18000013002,645.3908389,On-Down,,,
244,02LA019,18000012083,2205.147165,On-Down,,,
246,02LA019,18000010402,6448.31022,Down,,,
249,02EA001,3009800402,4467.751704,On-Down,,,
250,02EA001,3009800502,8256.252328,Down,,,
252,02KF002,18343003002,768.0079276,On-Down,,,
254,02KF002,18343003402,9830.507462,Up,,,
256,02LA013,18003300102,7604.119216,On-Down,,,
257,02LA013,18003300202,7693.837148,On-Down,,,
258,02LA013,18003303102,3463.854719,Up,,,
261,02LB012,18207005002,1243.275819,On-Down,,,
262,02LB012,18207007002,1487.62338,On-Down,,,
263,02LB012,18207003002,1004.00388,On-Down,,,
264,02LB012,18207004002,4762.394272,Down,,,
266,02LB018,18207004002,1990.921917,Down,,,
268,02KF011,18337002002,8690.893553,Down,,,
269,02KF005,18000014402,9154.486334,Down,,,
270,02LB101,18207012002,3217.587522,On-Up,,,
278,02LA008,18003301202,6569.409744,Down,,,
282,02MC028,12008600202,2646.847035,Down,,,
289,02KF012,18343025002,9436.614431,Up,,,
307,02KD002,18349021002,1366.927951,Up,,,
308,02KF010,18343052002,6467.276929,On-Down,,,
314,02EB005,3008501601,7682.088931,Up,,,
322,02KF014,18343061002,856.5095526,Up,,,
331,02HK005,17002109902,7898.994328,Up,,,
335,02HF002,17002102502,9716.844393,Down,,,
338,02EC014,3007703102,8870.197745,Up,,,
341,02LA017,18003302501,9547.262198,Up,,,
345,02HH002,17002102002,7366.525334,On-Up,,,
354,02ED007,3007600402,7671.24708,Up,,,
362,02MB010,12000000402,637.513536,On-Down,,,
369,02HL004,17002600602,9052.1512,Down,,,
373,02HL008,17002600302,8948.129735,Down,,,
375,02HL101,17002600501,2519.748583,On-Down,,,
376,02HL101,17002600302,3935.406281,Down,,,
377,02HL101,17002602502,8414.113902,Up,,,
379,02FB009,3003600202,6350.511449,Down,,,
383,02ED027,3005702302,9550.389609,Up,,,
385,02HL104,17002600302,8317.959016,Up,,,
386,02FB012,3003601002,8322.945383,Down,,,
387,02HJ002,17002101502,155.5372177,On-Down,,,
389,02HJ002,17002106502,2675.306386,Down,,,
395,02EC011,3007704102,9075.175266,Down,,,
396,02EC011,3007701102,5852.603289,Up,,,
403,02FB004,3003600702,5377.291752,Up,,,
404,02FC018,8012300902,8781.938518,On-Down,,,
406,02FC018,8012302102,8781.868778,On-Down,,,
407,02FC018,8012305802,6628.623844,Up,,,
410,02HM001,17003500102,8164.465209,On-Down,,,
415,02FB001,3003600402,6286.24347,Down,,,
418,02HJ006,17002101183,7465.237021,Down,,,
421,02HJ003,17002114202,2281.431328,Up,,,
423,02HM004,17003700402,4924.901787,On-Up,,,
425,02HM004,17003701102,7476.330832,On-Up,,,
426,02HM004,17003700602,4470.676611,Down,,,
427,02ED005,3005702102,88.96589019,On-Down,,,
435,02FC015,8012300702,6802.356636,Down,,,
437,02HM005,6018300102,2086.080563,On-Down,,,
439,02EC008,3007700802,8789.068208,On-Down,,,
451,02FC016,8012302902,7361.490912,On-Down,,,
452,02FC016,8012303302,3005.580177,On-Down,,,
453,02FC016,8012303402,3611.40993,On-Down,,,
454,02FC016,8012300502,5237.737024,On-Down,,,
460,02FD003,8010700302,642.4997786,On-Up,,,
463,02ED102,3005700702,6072.656465,On-Down,,,
464,02ED102,3005700102,4646.83015,On-Down,,,
469,02HK009,17002115702,7753.374912,Down,,,
471,02FC021,8012302702,1202.958815,On-Down,,,
480,02FC002,8012300302,7879.793237,Up,,,
484,02EC101,3007701402,1008.504155,On-Down,,,
498,02EC009,3007700602,8783.481771,Up,,,
501,02HD020,6013300102,9325.47836,Down,,,
505,02HD021,6011700202,6238.410736,On-Down,,,
506,02HD004,6012900202,264.0456671,On-Down,,,
508,02HD004,6012900902,8012.226053,Up,,,
518,02HD002,6012900102,4858.374733,Down,,,
522,02HD023,6011600302,7830.054547,Down,,,
524,02HD007,6011600102,722.7554291,Down,,,
527,02HD019,6013300402,1164.118809,On-Down,,,
530,02HC055,6010800102,9866.318224,Down,,,
532,02HC045,6010402902,4376.45982,On-Down,,,
533,02HC045,6010403002,2403.870162,On-Down,,,
534,02HC045,6010406602,1489.124711,On-Up,,,
535,02HC045,6010408102,659.7658988,On-Up,,,
537,02HC045,6010408402,3326.135486,On-Down,,,
538,02HC045,6010408302,3695.799318,On-Down,,,
539,02HC045,6010408502,5374.845642,Down,,,
542,02HC019,6010400702,4578.94027,On-Up,,,
543,02HC019,6010402602,2858.230741,On-Down,,,
545,02HC019,6010402802,2180.194655,On-Up,,,
546,02HC019,6010408502,6710.169205,On-Up,,,
547,02HC019,6010409602,3024.997862,On-Up,,,
548,02HC019,6010400502,5249.311774,Down,,,
549,02HC019,6010402902,7708.555027,Up,,,
551,02HD009,6011700102,2944.336956,On-Down,,,
553,02HC046,6010402002,2272.801417,On-Up,,,
554,02HC046,6010403602,4437.650014,On-Up,,,
555,02HC046,6010401702,562.4406279,On-Down,,,
557,02HC046,6010411302,7213.532058,On-Up,,,
558,02HC046,6010411402,7480.749737,On-Up,,,
559,02HC046,6010411802,7647.559212,On-Up,,,
560,02HC046,6010411902,8002.591949,On-Up,,,
561,02HC046,6010412002,7814.197989,On-Up,,,
562,02HC046,6010412102,7922.126063,On-Up,,,
563,02HC046,6010403502,1978.371943,On-Up,,,
564,02HC046,6010404002,4375.043801,Down,,,
567,02HC057,6008303402,1131.409626,On-Down,,,
569,02HC057,6008303602,2891.537727,On-Up,,,
570,02HC057,6008303702,6358.163695,On-Up,,,
571,02HC057,6008303802,9763.36688,On-Up,,,
573,02HC047,6008302902,5458.883694,On-Down,,,
574,02HC047,6008302702,8603.749901,On-Down,,,
575,02HC047,6008302802,6550.406729,On-Down,,,
576,02HC047,6008303302,5794.935099,Up,,,
577,02HD008,6011100502,5334.720377,On-Down,,,
579,02HD008,6011100302,2087.637292,Up,,,
581,02HC036,6009700602,9349.732451,On-Down,,,
582,02HC036,6009700702,7981.788515,On-Down,,,
583,02HC036,6009700802,4168.359407,On-Down,,,
584,02HC036,6009700902,3765.151008,On-Up,,,
585,02HC036,6009701502,6213.760238,On-Down,,,
587,02HC036,6009701702,1637.242649,On-Up,,,
589,02HB013,6007600602,3381.808163,On-Up,,,
592,02HB013,6007602002,5484.804409,On-Up,,,
593,02HB013,6007602102,5805.054622,On-Up,,,
594,02HB013,6007605102,3413.304609,Down,,,
595,02HB013,6007601902,6807.559242,Up,,,
599,02HC035,6010401102,1595.993987,On-Up,,,
600,02HC035,6010401402,7001.245249,On-Down,,,
601,02HC035,6010404202,6387.556495,On-Down,,,
605,02HC035,6010406202,2198.35366,On-Up,,,
607,02HC035,6010408602,7746.939699,On-Down,,,
608,02HC035,6010401002,8881.965846,Down,,,
609,02HC106,6010400902,5133.008266,On-Up,,,
612,02HC106,6010404302,8515.599877,On-Up,,,
613,02HC106,6010404502,7423.643126,On-Up,,,
615,02HC106,6010409802,5487.193198,On-Up,,,
616,02HC106,6010409702,5256.587562,On-Up,,,
617,02HC106,6010410402,3358.435927,On-Up,,,
618,02HC106,6010410502,3390.366908,On-Up,,,
619,02HC106,6010410602,5821.451732,On-Up,,,
620,02HC106,6010410702,5598.711734,On-Up,,,
621,02HC106,6010410902,4851.261156,On-Up,,,
622,02HC106,6010404402,9095.632108,On-Up,,,
623,02HC106,6010400502,2704.888297,Down,,,
626,02GA014,16018403902,6272.487606,Up,,,
628,02HC023,6008306002,396.8275196,Down,,,
630,02HC010,6008302102,8424.036255,Down,,,
631,02HC010,6008301002,4452.014044,Up,,,
633,02HC018,6010800202,6821.161871,Up,,,
639,02HD013,6011200202,1065.190737,On-Down,,,
641,02FE002,8005603802,4544.833826,Up,,,
643,02HC025,6008302602,7840.205628,On-Up,,,
644,02HC025,6008304802,2753.897537,On-Up,,,
648,02HC051,6008305102,5086.93741,On-Up,,,
649,02HC051,6008301802,3334.194156,Down,,,
651,02HB001,6007605102,4267.732662,On-Up,,,
652,02HB001,6007602302,7497.923576,Up,,,
655,02HC022,6009701202,5740.835133,On-Down,,,
664,02HC009,6008302102,3550.786917,On-Up,,,
667,02HC009,6008300302,1143.644888,Down,,,
669,02HC103,6009701302,379.9406911,On-Down,,,
676,02HB018,6007605202,4451.072679,Up,,,
678,02HC007,6008300302,1296.067344,Down,,,
679,02HC007,6008302502,6130.823117,Up,,,
683,02HC013,6009400102,4668.892888,On-Down,,,
688,02HB031,6007600902,7995.026842,On-Down,,,
691,02HB031,6007602802,1477.581767,On-Down,,,
692,02HB031,6007603002,6144.208958,On-Down,,,
693,02HB031,6007603102,8474.944971,On-Down,,,
694,02HB031,6007602902,2454.572323,On-Down,,,
697,02FE008,8005603102,9627.371028,On-Up,,,
701,02HC034,6008301602,3432.134049,On-Down,,,
702,02HC034,6008304702,8976.216188,On-Down,,,
704,02HC058,6009400202,7962.159691,Down,,,
708,02FE003,8005601402,3395.496097,On-Up,,,
709,02FE003,8005602102,2184.89174,On-Down,,,
711,02HC017,6008000702,8525.566175,On-Down,,,
712,02HC017,6008000202,9014.563355,On-Down,,,
716,02HC003,6008304602,4938.987731,Up,,,
720,02HC024,6008501802,3476.130342,Down,,,
722,02FE013,8005601902,5220.189578,Up,,,
732,02HC002,6008000502,4926.387718,On-Down,,,
734,02HC002,6008000102,4715.357819,On-Down,,,
736,02FE015,8005603602,81.72918408,On-Down,,,
737,02FE015,8005604502,8061.285795,On-Up,,,
738,02FE015,8005600183,9651.037078,Down,,,
741,02HB025,6007601302,6887.446193,Up,,,
743,02FE010,8005602602,6439.768729,Down,,,
749,02GA034,16018404202,6190.184147,On-Up,,,
754,02HB008,6007602202,1939.501662,On-Up,,,
759,02HC033,6008200102,4376.8945,On-Down,,,
765,02GA012,16018405502,5525.938165,Down,,,
770,02GA023,16018405102,6654.877913,Up,,,
777,02GA029,16018404002,8628.287895,Up,,,
779,02GA020,16018405502,1253.021708,On-Up,,,
781,02GA020,16018412602,3530.807887,Up,,,
786,02HB002,6007604902,5850.133835,On-Down,,,
788,02HB002,6007600102,6991.479932,On-Down,,,
795,02GA015,16018408202,2489.44851,On-Down,,,
796,02GA015,16018408802,2326.869871,On-Down,,,
797,02GA015,16018401402,4159.171711,Down,,,
801,02GA013,16018413402,1827.3836,On-Down,,,
802,02GA013,16018407802,3876.771574,Up,,,
805,02GD014,4001311402,1112.268362,On-Up,,,
806,02HB005,6006301002,7106.134166,On-Up,,,
807,02HB005,6006301202,8722.866187,On-Down,,,
812,02GA048,16018402802,9691.991145,Up,,,
813,02GA024,16018401502,4821.603597,On-Down,,,
815,02GA024,16018403002,4841.824705,On-Down,,,
818,02HB011,6006000902,1835.220906,On-Up,,,
821,02GA047,16018410102,3877.337812,On-Down,,,
824,02GA047,16018406302,6488.18863,Up,,,
825,02GA018,16018403202,3882.546756,On-Down,,,
826,02GA018,16018415502,6590.248682,On-Down,,,
831,02HB016,6006001102,3146.909006,Down,,,
834,02GA037,16018408602,2249.852366,On-Down,,,
835,02GA037,16018411702,8445.837494,Down,,,
838,02FF009,8002201702,4910.161236,On-Up,,,
843,02GD018,4001305405,9450.236145,On-Up,,,
845,02GA030,16018403802,3855.908859,On-Down,,,
847,02GA030,16018404802,9808.946629,Down,,,
849,02HB015,9000800602,9454.127207,On-Down,,,
852,02GA003,16018401102,4162.523811,On-Down,,,
854,02GA009,16018410702,9636.025704,On-Up,,,
855,02GA009,16018401102,5311.519831,Down,,,
858,02HB006,9000900102,2502.430536,On-Down,,,
859,02HB006,9000900202,3448.983252,On-Up,,,
860,02HB006,9000900702,5079.350795,On-Up,,,
863,02HB006,9000900502,3933.742593,On-Up,,,
864,02HB006,9000900802,5149.114865,On-Up,,,
870,02HB007,9000800502,26.04407024,On-Down,,,
871,02HB007,9000800302,4717.867625,Up,,,
874,02GD005,4001309402,4216.491593,Up,,,
884,02HA023,9000100502,4703.552156,On-Down,,,
886,02HA023,9000100302,6122.700272,On-Down,,,
888,02HA030,6000300502,4956.274908,Down,,,
891,02GD015,4001304302,7083.400985,Up,,,
894,02FF008,8002200902,7562.420999,Down,,,
895,02FF003,8002200302,751.5910234,On-Up,,,
902,02GB001,16018400802,7182.449064,On-Down,,,
907,02GD022,4001311302,8474.651737,Down,,,
914,02GD004,4001303402,9724.935173,Up,,,
916,02GD011,4001301602,3017.210749,Down,,,
920,02HA031,6001701002,3546.101384,Up,,,
923,02GD003,4001309602,7205.590672,Down,,,
925,02GD013,4001301402,8533.314642,Down,,,
929,02HA032,6002400602,565.2946198,On-Up,,,
930,02HA032,6002400602,338.9229265,Up,,,
932,02GD008,4001302102,8808.27633,Down,,,
936,02GD028,4001302102,9023.00634,Down,,,
937,02GD028,4001302702,5949.037417,Up,,,
939,02GD006,4001303902,5444.271578,Up,,,
944,02GB010,16018408902,7176.532441,On-Up,,,
946,02GB005,16018412902,323.5892043,On-Down,,,
947,02GB005,16018409202,2620.944123,Down,,,
948,02GB005,16018409602,3532.287762,Up,,,
950,02GD007,4001309602,2276.36954,Up,,,
953,02GE002,4001302102,2826.258925,On-Up,,,
955,02GE002,4001302302,2822.21012,On-Up,,,
960,02GD001,4001305102,4919.649619,Up,,,
963,02GD027,4001307102,8711.490883,Up,,,
966,02GE008,4001302802,2417.390117,Down,,,
970,02GC037,16016400302,8646.694612,Down,,,
972,02HA019,11000100502,9806.200901,Down,,,
974,02GC022,16016400402,9397.773427,On-Up,,,
975,02GG006,4002700302,4733.976972,On-Down,,,
978,02GG006,4002700402,6630.655187,Down,,,
979,02GC010,16010900402,8658.195815,Down,,,
982,02GC005,16012400902,262.3006585,On-Down,,,
983,02GC006,16012400902,1886.338587,Up,,,
986,02GC008,16015900902,7640.921709,On-Down,,,
991,02GC008,16015900102,9787.436781,Down,,,
992,02GC008,16015900702,5134.615377,Up,,,
994,02GC029,16008700702,5676.51025,Up,,,
997,02GG009,4002700802,7199.385368,Down,,,
998,02GC015,16010900802,7209.302544,Down,,,
1001,02GC031,16008701602,6440.277856,On-Down,,,
1002,02GC031,16008700202,8147.098282,Down,,,
1004,02GG013,4002700902,9090.834633,Up,,,
1006,02GC030,16009700502,6328.848622,On-Down,,,
1009,02GC038,16012400502,7058.513456,Down,,,
1010,02GC038,16012400702,4599.406241,Up,,,
1012,02GC018,16009700402,5512.326742,Up,,,
1017,02GC004,16010900502,1253.693392,On-Down,,,
1018,02GC004,16010900102,5093.714501,Down,,,
1021,02GC007,16012401002,9706.601097,Down,,,
1031,02GE003,4001305702,1366.875833,Up,,,
1035,02GH002,4001000302,4591.820577,Down,,,
1036,02GH003,10000200202,13.06492072,On-Down,,,
1037,02FF011,8004000302,,,1332.950261,Down,
1038,02FF011,8004001102,,,1165.730558,Up,
1039,02GD013,4001309802,,,3127.37923,Down,
1040,02EC006,3007702602,,,939.4469729,Down,
1041,02FC013,8012305902,,,256.1337904,On-Up,
1042,02FC013,8012303102,,,67.28520436,On-Down,
1043,02FC013,8012300702,,,5430.647583,Down,
1044,02EC004,3007702602,,,1000.960313,On-Up,
1045,02EC004,3007702302,,,8198.514344,Down,
1046,02FD001,8000000101,,,7043.449448,Down,
1047,02FE004,8005603002,,,4819.601833,Up,
1048,02EC012,3007703802,,,32.03265435,On-Up,
1049,02EC012,3007700802,,,3640.437582,Down,
1050,02EC012,3007701902,,,8282.495164,Up,
1051,02HE002,6015700302,,,9315.453702,Up,
1052,02MC026,12008000102,,,9.905531612,On-Down,
1053,02MC026,12008000302,,,5346.297333,Down,
1054,02FA004,8013500502,,,26.75809327,On-Up,
1055,02ED031,3005300102,,,393.6267146,On-Down,
1056,02ED031,3005300202,,,6189.000379,Up,
1057,02FB007,3001600302,,,45.53665764,Down,
1058,02FC001,8012305602,,,9572.289711,Up,
1059,02LB006,18207014002,,,2959.177753,Down,
1060,02HF004,17002103402,,,9774.264343,Down,
1061,02GD020,4001309702,,,8.000062771,On-Up,
1062,02GD020,4001305102,,,5534.774013,Down,
1063,02ED004,3005703202,,,627.822942,Down,
1064,02ED004,3005701402,,,3319.349366,Up,
1065,02HB020,6007603002,,,326.3340818,Down,
1066,02HB020,6007603602,,,2543.181622,Up,
1067,02GE005,4001302902,,,5199.73571,Up,
1068,02HD003,6012900202,,,12.90046678,On-Up,
1069,02FB008,3003600902,,,8081.422656,Down,
1070,02GD005,4001306402,,,7148.376528,Up,
1071,02FC011,8012304602,,,4649.847196,Down,
1072,02HF002,17002103202,,,9420.118938,Up,
1073,02HD018,6015100102,,,5962.532709,Down,
1074,02LB027,18207000402,,,5879.491362,Down,
1075,02FE018,8005602502,,,37.30674341,On-Down,
1076,02HE003,17001400102,,,26.45690726,Down,
1077,02FB013,3003600902,,,18.5369194,On-Up,
1078,02FB013,3003600302,,,5986.413717,Down,
1079,02FB013,3003600502,,,8432.203628,Up,
1080,02FC014,8012302902,,,110.7555734,On-Up,
1081,02FC014,8012300502,,,2976.519995,Up,
1082,02HM006,6018000302,,,2575.266329,Down,
1083,02HM006,6018000402,,,5556.049932,Up,
1084,02LB030,18207000402,,,4979.026159,Up,
1085,02KC011,18000024302,,,2077.455122,Down,
1086,02EC007,3007702602,,,111.8853931,Down,
1087,02HB025,6007600402,,,1286.46658,Up,
1088,02FE015,8005602802,,,2926.457558,Up,
1089,02ED032,3005703002,,,3660.391609,Down,
1090,02KF005,18000015002,,,4974.646016,Down,
1091,02KF005,18000015002,,,4974.646016,Down,
1092,02FD002,8007600202,,,1208.144895,Down,
1093,02ED101,3005701802,,,7069.741601,Up,
1094,02EC014,3007702602,,,4445.204946,Up,
1095,02FC015,8012303902,,,5307.030639,Down,
1096,02ED017,3007300102,,,2833.011589,Down,
1097,02EC005,3007702302,,,3391.872077,Down,
1098,02ED028,3007600602,,,9.272749618,On-Down,
1099,02FB003,3003600902,,,204.5107827,Down,
1100,02FB003,3003600502,,,8223.376675,Up,
1101,02MC009,12007301702,,,3121.89492,Down,
1102,02MC009,12006000102,,,8147.866187,Up,
1103,02FE002,8005603902,,,9332.39806,Up,
1104,02FE013,8005602002,,,4528.086009,Up,
1105,02FE005,8005603802,,,4860.897045,Down,
1106,02EC021,3007703502,,,33.47097838,Up,
1107,02MC030,12007301702,,,9222.747922,Up,
1108,02FE017,8005602502,,,2825.530795,Up,
1109,02FE001,8005603602,,,24.24615697,On-Up,
1110,02ED018,3007500202,,,808.7917076,Down,
1111,02KF015,18000015002,,,6060.479153,Down,
1112,02LA019,18000014202,,,2908.301957,On-Up,
1113,02LA019,18000014102,,,2997.192235,On-Up,
1114,02LA019,18000014302,,,3099.791082,On-Up,
1115,02LA019,18000015002,,,7406.884689,On-Up,
1116,02ED025,3004900102,,,674.1025521,Down,
1117,02ED025,3004900302,,,1459.555236,Up,
1118,02GD007,4001311202,,,1712.377911,Up,
1119,02HD001,6012900102,,,2416.7719,Down,
1120,02HD001,6012900302,,,179.8940612,Up,
1121,02ED102,3005701502,,,1704.691749,Up,
1122,02HB026,6007605002,,,238.2139914,On-Down,
1123,02HB026,6007604902,,,3566.909295,Down,
1124,02HB026,6007600202,,,3269.25754,Up,
1125,02AB008,1010700102,,,7188.729016,Down,
1126,02AB019,1000000401,,,6554.897239,Down,
1127,02BA002,1007300102,,,134.4434894,On-Down,
1128,02BA006,1007300102,,,5892.013468,Down,
1129,02ED016,3007000202,,,4821.745407,Down,
1130,02ED016,3007000502,,,3348.947057,Up,
1131,02EC001,3007702602,,,9193.675652,Up,
1132,02EC918,3007702302,,,1562.393146,Up,
1133,02EA013,3012000102,,,4889.362988,Down,
1134,02EB012,3008500102,,,64.85052658,On-Down,
1135,02EB010,3008500102,,,9848.652301,Down,
1136,02EB006,3009200202,,,4286.953203,Up,
1137,02EB009,3009200102,,,8863.486486,Down,
1138,02EB009,3009200202,,,6024.150516,Up,
1139,02EB104,3008502202,,,39.87378853,On-Down,
1140,02EC017,3007702302,,,4120.726998,Down,
1141,02DD005,3013304002,,,5011.233788,Down,
1142,02DD013,3013301402,,,2150.51675,Up,
1143,02JE019,18607008002,,,6059.015466,Up,
1144,02DC006,3013301702,,,9739.055939,Down,
1145,02JD010,18697500202,,,703.8359476,Up,
1146,02CD007,14001906701,,,4739.718773,Down,
1147,02CD003,14001903101,,,8919.631866,Up,
1148,02CD004,14001900402,,,5885.692603,Up,
1149,02CC004,14001200302,,,77.17152353,On-Down,
1150,02CC004,14001200202,,,8420.183352,Up,
1151,02CE003,14002800102,,,85.19286344,On-Up,
1152,02CE003,14002805702,,,3998.209372,Up,
1153,02CE103,14002802102,,,6351.883212,Down,
1154,02CE103,14002805209,,,5384.106735,Up,
1155,02CD009,14001900809,,,1001.925596,On-Down,
1156,02CD009,14001904202,,,1803.197953,On-Down,
1157,02CD009,14001904301,,,2590.506739,Down,
1158,02CD008,14001900809,,,1998.234392,Down,
1159,02DB006,3013400202,,,7854.667296,Down,
1160,02DB006,3013400802,,,249.1676955,Up,
1161,02DB003,3013400202,,,4036.944592,Up,
1162,02CF013,14002806602,,,934.7341739,Up,
1163,04LC003,19006401902,,,586.8157974,On-Down,
1164,05QD002,19000103602,,,1406.116346,Up,
1165,02HL008,17002600702,,,9301.843191,Down,
1166,02HL101,17002600402,,,6135.636462,Down,
1167,02HL101,17002600902,,,9584.816542,Up,
1168,02HL005,17002601302,,,40.29135975,On-Down,
1169,02HL005,17002601902,,,9327.359652,Up,
1170,02HL104,17002601702,,,4849.337776,Up,
1171,02HJ001,17002103802,,,371.467945,Down,
1172,02HJ001,17002101402,,,8959.236102,Up,
1173,02HJ003,17002112002,,,2409.694026,On-Down,
1174,02HJ003,17002114302,,,4719.755321,Up,
1175,02KF009,18000016202,,,4574.768474,Down,
1176,02KF003,18343018502,,,29.53179548,On-Down,
1177,02KF003,18343019502,,,8971.143623,Up,
1178,02KF016,18343023002,,,6076.04164,Up,
1179,02KF006,18343006102,,,753.2665847,On-Down,
1180,02KF006,18343005002,,,8980.245742,Down,
1181,02KF006,18343006002,,,5400.841136,Up,
1182,02LA016,18003300802,,,7441.79548,Up,
1183,02LA011,18003303502,,,117.3045433,On-Up,
1184,02LA011,18003301002,,,3682.088524,Up,
1185,02LA005,18003301902,,,9435.81396,Up,
1186,02HK002,17002100202,,,9620.494145,Down,
1187,05PE006,19000100102,,,466.880353,On-Up,
1188,05PE005,19000100102,,,6650.828749,Down,
1189,04LB001,19006401202,,,2905.839249,Down,
1190,02HC041,6010401702,,,17.35731553,On-Up,
1191,02HC041,6010403802,,,2846.689767,Down,
1192,02HC041,6010403402,,,1307.98718,Up,
1193,02HC105,6009900102,,,98.11001181,On-Down,
1194,02HC040,6010401602,,,5.961000047,On-Down,
1195,02HC040,6010403702,,,2817.753528,Down,
1196,02HC040,6010406502,,,2678.501635,Up,
1197,02HC059,6008303302,,,1642.197956,Down,
1198,02HC059,6008301302,,,1584.378865,Up,
1199,02HC008,6008304702,,,175.9992979,On-Down,
1200,02HC008,6008300802,,,5318.454294,Down,
1201,02HC008,6008301602,,,5719.583682,Up,
1202,02HC037,6010408602,,,487.674408,On-Up,
1203,02HC037,6010401002,,,1111.625685,Down,
1204,02HC114,6010402402,,,551.1663915,On-Down,
1205,02HC114,6010400502,,,3346.934364,Down,
1206,02HC114,6010402302,,,607.4772015,Up,
1207,02HC051,6008305302,,,4729.046025,Up,
1208,02HC012,6008301802,,,1225.068668,Down,
1209,02HC012,6008303202,,,4316.874055,Up,
1210,02HC047,6008303202,,,3294.815764,Up,
1211,02HC038,6010401402,,,6.003940251,On-Up,
1212,02HC038,6010401002,,,3081.041756,Down,
1213,02HC038,6010404102,,,1281.104897,Up,
1214,02HC046,6010403802,,,2850.510486,Down,
1215,02HC046,6010402102,,,3366.684472,Up,
1216,02HC042,6010404902,,,41.00741844,On-Up,
1217,02HC042,6010402202,,,7102.239544,Down,
1218,02HC015,6009701302,,,87.0572112,On-Down,
1219,02HC015,6009700502,,,2663.222901,Down,
1220,02HC015,6009701002,,,4237.124295,Up,
1221,02HC029,6008500302,,,9641.633125,Up,
1222,02HC028,6009701602,,,25.680789,On-Up,
1223,02HC028,6009700802,,,3771.38291,Down,
1224,02HC028,6009701702,,,4313.75632,Up,
1225,02HC011,6008300302,,,618.5497783,On-Down,
1226,02HC011,6008305802,,,187.8928779,On-Up,
1227,02HC011,6008310002,,,4257.731052,Down,
1228,02HC011,6008302402,,,974.0913078,Up,
1229,02HC039,6010403702,,,301.9991526,On-Up,
1230,02HC039,6010401502,,,40.24968652,On-Down,
1231,02HC039,6010404202,,,3677.586103,Down,
1232,02HC039,6010405902,,,1962.64872,Up,
1233,02HC043,6010404702,,,55.63531391,On-Down,
1234,02HC043,6010405702,,,2426.091352,Down,
1235,02HC044,6010404802,,,335.9894811,On-Up,
1236,02HC044,6010405002,,,93.94964465,On-Down,
1237,02HC044,6010405102,,,2559.27454,Down,
1238,02HC050,6008303002,,,68.49795886,On-Up,
1239,02HC050,6008301802,,,2790.410743,Down,
1240,02HC050,6008310402,,,1682.456546,Up,
1241,02HC049,6010400102,,,2373.985592,Down,
1242,02HC049,6010400502,,,740.0177497,Up,
1243,02HC030,6008000602,,,499.5404046,On-Up,
1244,02HC030,6008000102,,,2043.70028,Down,
1245,02HC030,6008000302,,,7282.931439,Up,
1246,02HC007,6008305802,,,796.1136655,Down,
1247,02HC026,6010401002,,,367.935843,Down,
1248,02GC018,16009700502,,,8667.805789,Up,
1249,02GC030,16009700602,,,6823.676527,Up,
1250,02GA001,16018401802,,,7231.407305,Down,
1251,02GA001,16018406702,,,9927.774039,Up,
1252,02GB001,16018402702,,,5632.796344,Down,
1253,02GA011,16018403402,,,2417.089273,Down,
1254,02GA010,16018408002,,,30.12668444,On-Up,
1255,02GA032,16018408802,,,5192.357544,Down,
1256,02GA016,16018403702,,,793.8923884,Down,
1257,02GA016,16018401802,,,547.4988322,Up,
1258,02GA004,16018401002,,,422.5083702,On-Up,
1259,02GA004,16018401102,,,6186.234884,Up,
1260,02GA029,16018402302,,,9026.609677,Up,
1261,02GA003,16018401002,,,9962.441442,Down,
1262,02GA022,16018403902,,,2368.708929,Up,
1263,04LA001,19006400202,,,467.0936439,On-Up,
1264,02GG005,4002700702,,,8523.626036,Down,
1265,02CC008,14001200102,,,1005.858597,Down,
1266,02GC002,16008701602,,,27.29353135,On-Up,
1267,02GC002,16008700202,,,2830.561597,Down,
1268,02GC002,16008701302,,,1599.373284,Up,
1269,02HA031,6001701102,,,7455.473929,Up,
1270,02HA030,6000300302,,,1719.648897,Up,
1271,02HA032,6002400402,,,1409.333247,Down,
1272,02GC016,16011000102,,,2382.830114,Down,
1273,02GC035,16017000602,,,1171.453722,Down,
1274,02GC010,16010900302,,,6739.743608,Up,
1275,02GC006,16012400402,,,3625.338651,Up,
1276,02GC011,16012401202,,,54.22382963,Up,
1277,02GC034,16017000502,,,2470.359378,Down,
1278,02GC038,16012400802,,,8749.889768,Up,
1279,02HD008,6011100602,,,8072.704816,Up,
1280,02HD014,6011200302,,,1034.935495,Down,
1281,02HD014,6011200602,,,5328.311833,Up,
1282,02HD006,6011600102,,,5575.372431,Down,
1283,02HD006,6011600502,,,9657.046177,Up,
1284,02HD007,6011600202,,,948.4058941,Down,
1285,02GH013,4000500202,,,3628.1976,Down,
1286,02GH002,4001000202,,,3454.550426,Down,
1287,02GH016,10000100202,,,3803.808852,Down,
1288,02GH014,4000700202,,,6704.85322,Down,
1289,02GH001,16002700102,,,1874.480688,Down,
1290,02GH011,4000100102,,,3621.589748,Down,
1291,02HB023,9000800602,,,37.86296554,On-Up,
1292,02HB023,9000800302,,,5222.136177,Down,
1293,02HB010,9000800502,,,46.50581154,On-Down,
1294,02HB010,9000800102,,,3285.426591,Down,
1295,02HB010,9000800302,,,5628.966776,Up,
1296,02HA014,9000100302,,,35.98449984,On-Down,
1297,02HA014,9000100102,,,3085.938212,Down,
1298,02HA014,9000100502,,,1470.101976,Up,
1299,02HB021,9000800102,,,7465.386456,Down,
1300,02HA022,6005000202,,,52.46375997,On-Up,
1301,02HA022,6005000102,,,2367.001777,Down,
1302,02HB033,6006001302,,,12.55644779,On-Down,
1303,02HB033,6006000502,,,6596.800034,Down,
1304,02HB033,6006000302,,,9191.36255,Up,
1305,02HB028,9000901002,,,3161.797685,Down,
1306,02HB028,9000901202,,,1237.616772,Up,
1307,02HB012,9000902402,,,73.74607351,On-Up,
1308,02HB012,9000900102,,,2265.222267,Down,
1309,02HB012,9000950102,,,1589.950742,Up,
1310,02HB032,6006000402,,,3690.298282,Up,
1311,02HB027,6006100302,,,1506.350068,On-Down,
1312,02HB027,6006100102,,,2261.456244,Up,
1313,02HB022,6006000502,,,3200.901004,Down,
1314,02HB022,6006001402,,,3259.811114,Up,
